hromada_code,hromada_name,raion_code,raion_name,oblast_code,oblast_name,type,hromada_full_name,hromada_center_code,hromada_center,lat_center,lon_center,travel_time,oblast_center
UA05020010000053508,Агрономічна,UA05020000000026686,Вінницький,UA05000000000010236,Вінницька,сільська,Агрономічна сільська громада,UA05020010010058853,Агрономічне,49.1927696,28.3720314,13.9,0
UA05020030000031457,Вінницька,UA05020000000026686,Вінницький,UA05000000000010236,Вінницька,міська,Вінницька міська громада,UA05020030010063857,Вінниця,49.2320162,28.467975,0.0,1
UA05020050000066991,Вороновицька,UA05020000000026686,Вінницький,UA05000000000010236,Вінницька,селищна,Вороновицька селищна громада,UA05020050010084898,Вороновиця,49.1117881,28.6889425,28.9,0
UA05020070000010139,Гніванська,UA05020000000026686,Вінницький,UA05000000000010236,Вінницька,міська,Гніванська міська громада,UA05020070010053570,Гнівань,49.0933696,28.338343,27.3,0
UA05020090000067118,Іллінецька,UA05020000000026686,Вінницький,UA05000000000010236,Вінницька,міська,Іллінецька міська громада,UA05020090010088788,Іллінці,49.1136358,29.2024356,65.0,0
UA05020110000052014,Липовецька,UA05020000000026686,Вінницький,UA05000000000010236,Вінницька,міська,Липовецька міська громада,UA05020110010028819,Липовець,49.2296415,29.0642148,47.9,0
UA05020130000056031,Літинська,UA05020000000026686,Вінницький,UA05000000000010236,Вінницька,селищна,Літинська селищна громада,UA05020130010017278,Літин,49.3232593,28.0837586,38.8,0
UA05020150000074651,Лука-Мелешківська,UA05020000000026686,Вінницький,UA05000000000010236,Вінницька,сільська,Лука-Мелешківська сільська громада,UA05020150010063370,Лука-Мелешківська,49.173946,28.495565,12.2,0
UA05020170000049432,Немирівська,UA05020000000026686,Вінницький,UA05000000000010236,Вінницька,міська,Немирівська міська громада,UA05020170010087489,Немирів,48.9654035,28.8430131,50.3,0
UA05020190000015755,Оратівська,UA05020000000026686,Вінницький,UA05000000000010236,Вінницька,селищна,Оратівська селищна громада,UA05020190010015141,Оратів,49.19472,29.53056,88.0,0
UA05020210000033427,Погребищенська,UA05020000000026686,Вінницький,UA05000000000010236,Вінницька,міська,Погребищенська міська громада,UA05020210010023649,Погребище,49.4848166,29.2579157,79.5,0
UA05020230000029909,Стрижавська,UA05020000000026686,Вінницький,UA05000000000010236,Вінницька,селищна,Стрижавська селищна громада,UA05020230010011069,Стрижавка,49.3097584,28.4730593,14.2,0
UA05020250000055470,Сутисківська,UA05020000000026686,Вінницький,UA05000000000010236,Вінницька,селищна,Сутисківська селищна громада,UA05020250010092635,Сутиски,49.0453739,28.418232,32.5,0
UA05020270000044358,Тиврівська,UA05020000000026686,Вінницький,UA05000000000010236,Вінницька,селищна,Тиврівська селищна громада,UA05020270010097237,Тиврів,49.0139727,28.507999,31.7,0
UA05020290000092626,Турбівська,UA05020000000026686,Вінницький,UA05000000000010236,Вінницька,селищна,Турбівська селищна громада,UA05020290010087426,Турбів,49.339939,28.7260729,39.7,0
UA05020310000080026,Якушинецька,UA05020000000026686,Вінницький,UA05000000000010236,Вінницька,сільська,Якушинецька сільська громада,UA05020310010019628,Якушинці,49.259651,28.36672,13.5,0
UA05040010000022470,Бершадська,UA05040000000050292,Гайсинський,UA05000000000010236,Вінницька,міська,Бершадська міська громада,UA05040010010024726,Бершадь,48.36594,29.51889,159.5,0
UA05040030000050131,Гайсинська,UA05040000000050292,Гайсинський,UA05000000000010236,Вінницька,міська,Гайсинська міська громада,UA05040030010071792,Гайсин,48.8120874,29.3893874,97.6,0
UA05040050000080930,Дашівська,UA05040000000050292,Гайсинський,UA05000000000010236,Вінницька,селищна,Дашівська селищна громада,UA05040050010044288,Дашів,49.0062062,29.4416807,86.6,0
UA05040070000093188,Джулинська,UA05040000000050292,Гайсинський,UA05000000000010236,Вінницька,сільська,Джулинська сільська громада,UA05040070010086984,Джулинка,48.4439535,29.7482193,169.5,0
UA05040090000093950,Краснопільська,UA05040000000050292,Гайсинський,UA05000000000010236,Вінницька,сільська,Краснопільська сільська громада,UA05040090010040066,Краснопілка,48.797123,29.720028,122.3,0
UA05040110000042036,Кунківська,UA05040000000050292,Гайсинський,UA05000000000010236,Вінницька,сільська,Кунківська сільська громада,UA05040110010046954,Кунка,48.820564,29.268541,87.1,0
UA05040130000025322,Ладижинська,UA05040000000050292,Гайсинський,UA05000000000010236,Вінницька,міська,Ладижинська міська громада,UA05040130010040578,Ладижин,48.6810505,29.2567642,108.9,0
UA05040150000077146,Ободівська,UA05040000000050292,Гайсинський,UA05000000000010236,Вінницька,сільська,Ободівська сільська громада,UA05040150010062907,Ободівка,48.38597215,29.2002169047852,147.8,0
UA05040170000093514,Ольгопільська,UA05040000000050292,Гайсинський,UA05000000000010236,Вінницька,сільська,Ольгопільська сільська громада,UA05040170010063746,Ольгопіль,48.184544,29.486103,171.0,0
UA05040190000039450,Райгородська,UA05040000000050292,Гайсинський,UA05000000000010236,Вінницька,сільська,Райгородська сільська громада,UA05040190010066703,Райгород,48.875095,29.082228,69.1,0
UA05040210000068217,Соболівська,UA05040000000050292,Гайсинський,UA05000000000010236,Вінницька,сільська,Соболівська сільська громада,UA05040210010098703,Соболівка,48.6148597,29.4832744,140.3,0
UA05040230000017028,Теплицька,UA05040000000050292,Гайсинський,UA05000000000010236,Вінницька,селищна,Теплицька селищна громада,UA05040230010056657,Теплик,48.6636,29.74686,135.3,0
UA05040250000027965,Тростянецька,UA05040000000050292,Гайсинський,UA05000000000010236,Вінницька,селищна,Тростянецька селищна громада,UA05040250010017575,Тростянець,48.51227,29.2226589,126.1,0
UA05040270000051651,Чечельницька,UA05040000000050292,Гайсинський,UA05000000000010236,Вінницька,селищна,Чечельницька селищна громада,UA05040270010051165,Чечельник,48.2126987,29.3598689,162.5,0
UA05060010000053179,Барська,UA05060000000061926,Жмеринський,UA05000000000010236,Вінницька,міська,Барська міська громада,UA05060010010059821,Бар,49.077621,27.6813781,70.7,0
UA05060030000026125,Джуринська,UA05060000000061926,Жмеринський,UA05000000000010236,Вінницька,сільська,Джуринська сільська громада,UA05060030010076661,Джурин,48.681271,28.292053,84.0,0
UA05060050000058111,Жмеринська,UA05060000000061926,Жмеринський,UA05000000000010236,Вінницька,міська,Жмеринська міська громада,UA05060050010030599,Жмеринка,49.0354593,28.1147317,50.5,0
UA05060070000012952,Копайгородська,UA05060000000061926,Жмеринський,UA05000000000010236,Вінницька,селищна,Копайгородська селищна громада,UA05060070010088900,Копайгород,48.85654,27.7985,77.0,0
UA05060090000058521,Мурафська,UA05060000000061926,Жмеринський,UA05000000000010236,Вінницька,сільська,Мурафська сільська громада,UA05060090010019738,Мурафа,48.768875,28.215824,77.9,0
UA05060110000027268,Северинівська,UA05060000000061926,Жмеринський,UA05000000000010236,Вінницька,сільська,Северинівська сільська громада,UA05060110010047621,Северинівка,49.047089,27.93755,56.9,0
UA05060130000030729,Станіславчицька,UA05060000000061926,Жмеринський,UA05000000000010236,Вінницька,сільська,Станіславчицька сільська громада,UA05060130010067161,Станіславчик,48.97121,28.10989,59.1,0
UA05060150000094411,Шаргородська,UA05060000000061926,Жмеринський,UA05000000000010236,Вінницька,міська,Шаргородська міська громада,UA05060150010066273,Шаргород,48.7498267,28.08317,87.2,0
UA05080010000038400,Бабчинецька,UA05080000000040234,Могилів-Подільський,UA05000000000010236,Вінницька,сільська,Бабчинецька сільська громада,UA05080010010065551,Бабчинці,48.417961,28.160311,135.1,0
UA05080030000089348,Вендичанська,UA05080000000040234,Могилів-Подільський,UA05000000000010236,Вінницька,селищна,Вендичанська селищна громада,UA05080030010032391,Вендичани,48.6095706,27.7881091,93.4,0
UA05080050000023603,Могилів-Подільська,UA05080000000040234,Могилів-Подільський,UA05000000000010236,Вінницька,міська,Могилів-Подільська міська громада,UA05080050010069812,Могилів-Подільський,48.442544,27.7991124,115.3,0
UA05080070000010150,Мурованокуриловецька,UA05080000000040234,Могилів-Подільський,UA05000000000010236,Вінницька,селищна,Мурованокуриловецька селищна громада,UA05080070010075987,Муровані Курилівці,48.7130055,27.5355762,99.7,0
UA05080090000089922,Чернівецька,UA05080000000040234,Могилів-Подільський,UA05000000000010236,Вінницька,селищна,Чернівецька селищна громада,UA05080090010025419,Чернівці,48.5406973,28.1221153,113.4,0
UA05080110000056824,Ямпільська,UA05080000000040234,Могилів-Подільський,UA05000000000010236,Вінницька,міська,Ямпільська міська громада,UA05080110010069634,Ямпіль,48.2400683,28.2779272,138.0,0
UA05080130000024964,Яришівська,UA05080000000040234,Могилів-Подільський,UA05000000000010236,Вінницька,сільська,Яришівська сільська громада,UA05080130010068291,Яришів,48.512192,27.63199,124.7,0
UA05100010000023453,Брацлавська,UA05100000000022396,Тульчинський,UA05000000000010236,Вінницька,селищна,Брацлавська селищна громада,UA05100010010062014,Брацлав,48.8268749,28.9379724,68.6,0
UA05100030000051497,Вапнярська,UA05100000000022396,Тульчинський,UA05000000000010236,Вінницька,селищна,Вапнярська селищна громада,UA05100030010044215,Вапнярка,48.5312383,28.7468189,103.6,0
UA05100050000038768,Городківська,UA05100000000022396,Тульчинський,UA05000000000010236,Вінницька,сільська,Городківська сільська громада,UA05100050010082768,Городківка,48.380028,28.67379,137.9,0
UA05100070000035159,Крижопільська,UA05100000000022396,Тульчинський,UA05000000000010236,Вінницька,селищна,Крижопільська селищна громада,UA05100070010021695,Крижопіль,48.38568,28.86941,128.2,0
UA05100090000029847,Піщанська,UA05100000000022396,Тульчинський,UA05000000000010236,Вінницька,селищна,Піщанська селищна громада,UA05100090010032954,Піщанка,48.2077558,28.8864581,151.7,0
UA05100110000070795,Студенянська,UA05100000000022396,Тульчинський,UA05000000000010236,Вінницька,сільська,Студенянська сільська громада,UA05100110010049992,Студена,48.1457286,28.8527159,163.6,0
UA05100130000061386,Томашпільська,UA05100000000022396,Тульчинський,UA05000000000010236,Вінницька,селищна,Томашпільська селищна громада,UA05100130010085024,Томашпіль,48.5453497,28.5114332,97.3,0
UA05100150000050790,Тульчинська,UA05100000000022396,Тульчинський,UA05000000000010236,Вінницька,міська,Тульчинська міська громада,UA05100150010035552,Тульчин,48.6730485,28.8569476,85.7,0
UA05100170000071290,Шпиківська,UA05100000000022396,Тульчинський,UA05000000000010236,Вінницька,селищна,Шпиківська селищна громада,UA05100170010030569,Шпиків,48.7860654,28.5647525,58.1,0
UA05120010000076685,Глуховецька,UA05120000000017020,Хмільницький,UA05000000000010236,Вінницька,селищна,Глуховецька селищна громада,UA05120010010016373,Глухівці,49.77356,28.72891,77.3,0
UA05120030000061384,Жданівська,UA05120000000017020,Хмільницький,UA05000000000010236,Вінницька,сільська,Жданівська сільська громада,UA05120030010020184,Війтівці,49.6227642,27.892957,85.3,0
UA05120050000063063,Іванівська,UA05120000000017020,Хмільницький,UA05000000000010236,Вінницька,сільська,Іванівська сільська громада,UA05120050010068533,Іванів,49.4852718,28.3424484,49.4,0
UA05120070000075759,Калинівська,UA05120000000017020,Хмільницький,UA05000000000010236,Вінницька,міська,Калинівська міська громада,UA05120070010068103,Калинівка,49.4583688,28.5262638,34.1,0
UA05120090000060589,Козятинська,UA05120000000017020,Хмільницький,UA05000000000010236,Вінницька,міська,Козятинська міська громада,UA05120090010077573,Козятин,49.7195867,28.8354279,75.8,0
UA05120110000018679,Махнівська,UA05120000000017020,Хмільницький,UA05000000000010236,Вінницька,сільська,Махнівська сільська громада,UA05120110010064789,Махнівка,49.7207433,28.6709477,60.1,0
UA05120130000014261,Самгородоцька,UA05120000000017020,Хмільницький,UA05000000000010236,Вінницька,сільська,Самгородоцька сільська громада,UA05120130010071683,Самгородок,49.5337018,28.8450733,70.8,0
UA05120150000069474,Уланівська,UA05120000000017020,Хмільницький,UA05000000000010236,Вінницька,сільська,Уланівська сільська громада,UA05120150010073669,Уланів,49.6939529,28.1323125,80.2,0
UA05120170000013778,Хмільницька,UA05120000000017020,Хмільницький,UA05000000000010236,Вінницька,міська,Хмільницька міська громада,UA05120170010081140,Хмільник,49.556175,27.9491205,70.7,0
UA07020010000096841,Володимир-Волинська,UA07020000000048211,Володимир-Волинський,UA07000000000024379,Волинська,міська,Володимир-Волинська міська громада,UA07020010010041660,Володимир,50.8474669,24.319319,78.3,0
UA07020030000052032,Затурцівська,UA07020000000048211,Володимир-Волинський,UA07000000000024379,Волинська,сільська,Затурцівська сільська громада,UA07020030010025894,Затурці,50.7799387,24.8430189,36.2,0
UA07020050000082369,Зимнівська,UA07020000000048211,Володимир-Волинський,UA07000000000024379,Волинська,сільська,Зимнівська сільська громада,UA07020050010049312,Зимне,50.801533,24.337662,79.4,0
UA07020070000082628,Іваничівська,UA07020000000048211,Володимир-Волинський,UA07000000000024379,Волинська,селищна,Іваничівська селищна громада,UA07020070010088055,Іваничі,50.6407709,24.3619629,88.5,0
UA07020090000019505,Литовезька,UA07020000000048211,Володимир-Волинський,UA07000000000024379,Волинська,сільська,Литовезька сільська громада,UA07020090010094309,Литовеж,50.640789,24.18297,108.6,0
UA07020110000037373,Локачинська,UA07020000000048211,Володимир-Волинський,UA07000000000024379,Волинська,селищна,Локачинська селищна громада,UA07020110010069736,Локачі,50.738946,24.6482949,58.8,0
UA07020130000036300,Нововолинська,UA07020000000048211,Володимир-Волинський,UA07000000000024379,Волинська,міська,Нововолинська міська громада,UA07020130010041880,Нововолинськ,50.7224829,24.1648399,100.3,0
UA07020150000092012,Оваднівська,UA07020000000048211,Володимир-Волинський,UA07000000000024379,Волинська,сільська,Оваднівська сільська громада,UA07020150010016648,Овадне,50.926411,24.38899,93.7,0
UA07020170000049971,Павлівська,UA07020000000048211,Володимир-Волинський,UA07000000000024379,Волинська,сільська,Павлівська сільська громада,UA07020170010027420,Павлівка,50.6282366,24.4638426,79.3,0
UA07020190000043658,Поромівська,UA07020000000048211,Володимир-Волинський,UA07000000000024379,Волинська,сільська,Поромівська сільська громада,UA07020190010066503,Поромів,50.751942,24.082321,112.0,0
UA07020210000033081,Устилузька,UA07020000000048211,Володимир-Волинський,UA07000000000024379,Волинська,міська,Устилузька міська громада,UA07020210010031545,Устилуг,50.8622192,24.1505139,92.1,0
UA07040010000033507,Камінь-Каширська,UA07040000000026412,Камінь-Каширський,UA07000000000024379,Волинська,міська,Камінь-Каширська міська громада,UA07040010010025318,Камінь-Каширський,51.6271153,24.961357,133.6,0
UA07040030000028082,Любешівська,UA07040000000026412,Камінь-Каширський,UA07000000000024379,Волинська,селищна,Любешівська селищна громада,UA07040030010024333,Любешів,51.7632795,25.5048264,155.1,0
UA07040050000080830,Маневицька,UA07040000000026412,Камінь-Каширський,UA07000000000024379,Волинська,селищна,Маневицька селищна громада,UA07040050010044229,Маневичі,51.2908106,25.537878,89.4,0
UA07040070000058434,Прилісненська,UA07040000000026412,Камінь-Каширський,UA07000000000024379,Волинська,сільська,Прилісненська сільська громада,UA07040070010027750,Прилісне,51.376015,25.523325,97.6,0
UA07040090000043197,Сошичненська,UA07040000000026412,Камінь-Каширський,UA07000000000024379,Волинська,сільська,Сошичненська сільська громада,UA07040090010015759,Сошичне,51.469231,24.88472,113.4,0
UA07060010000090019,Велимченська,UA07060000000092268,Ковельський,UA07000000000024379,Волинська,сільська,Велимченська сільська громада,UA07060010010014019,Велимче,51.58012,24.74224,155.3,0
UA07060030000041840,Велицька,UA07060000000092268,Ковельський,UA07000000000024379,Волинська,сільська,Велицька сільська громада,UA07060030010091243,Велицьк,51.120972,25.2028513,76.0,0
UA07060050000091514,Вишнівська,UA07060000000092268,Ковельський,UA07000000000024379,Волинська,сільська,Вишнівська сільська громада,UA07060050010010463,Вишнів,51.197605,24.029932,122.7,0
UA07060070000063773,Голобська,UA07060000000092268,Ковельський,UA07000000000024379,Волинська,селищна,Голобська селищна громада,UA07060070010054233,Голоби,51.0859784,25.015465,54.2,0
UA07060090000026043,Головненська,UA07060000000092268,Ковельський,UA07000000000024379,Волинська,селищна,Головненська селищна громада,UA07060090010039037,Головне,51.336538,24.0785257,143.2,0
UA07060110000041168,Дубечненська,UA07060000000092268,Ковельський,UA07000000000024379,Волинська,сільська,Дубечненська сільська громада,UA07060110010042179,Дубечне,51.5489753,24.374079,140.1,0
UA07060130000030797,Дубівська,UA07060000000092268,Ковельський,UA07000000000024379,Волинська,сільська,Дубівська сільська громада,UA07060130010061860,Дубове,51.265587,24.685938,90.5,0
UA07060150000038564,Заболоттівська,UA07060000000092268,Ковельський,UA07000000000024379,Волинська,селищна,Заболоттівська селищна громада,UA07060150010012280,Заболоття,51.6314645,24.2552388,160.8,0
UA07060170000059479,Забродівська,UA07060000000092268,Ковельський,UA07000000000024379,Волинська,сільська,Забродівська сільська громада,UA07060170010066015,Заброди,51.668423,24.601269,135.6,0
UA07060190000036342,Ковельська,UA07060000000092268,Ковельський,UA07000000000024379,Волинська,міська,Ковельська міська громада,UA07060190010068509,Ковель,51.2120538,24.708894,83.0,0
UA07060210000030014,Колодяжненська,UA07060000000092268,Ковельський,UA07000000000024379,Волинська,сільська,Колодяжненська сільська громада,UA07060210010075638,Колодяжне,51.181622,24.798964,72.0,0
UA07060230000029166,Луківська,UA07060000000092268,Ковельський,UA07000000000024379,Волинська,селищна,Луківська селищна громада,UA07060230010024650,Луків,51.229557,24.3449012,108.6,0
UA07060250000039902,Люблинецька,UA07060000000092268,Ковельський,UA07000000000024379,Волинська,селищна,Люблинецька селищна громада,UA07060250010038196,Люблинець,51.18633,24.61933,95.9,0
UA07060270000021892,Любомльська,UA07060000000092268,Ковельський,UA07000000000024379,Волинська,міська,Любомльська міська громада,UA07060270010018151,Любомль,51.2234546,24.0315783,124.7,0
UA07060290000054842,Поворська,UA07060000000092268,Ковельський,UA07000000000024379,Волинська,сільська,Поворська сільська громада,UA07060290010071519,Поворськ,51.261631,25.129389,91.7,0
UA07060310000037369,Ратнівська,UA07060000000092268,Ковельський,UA07000000000024379,Волинська,селищна,Ратнівська селищна громада,UA07060310010081210,Ратне,51.67145,24.52458,132.8,0
UA07060330000052414,Рівненська,UA07060000000092268,Ковельський,UA07000000000024379,Волинська,сільська,Рівненська сільська громада,UA07060330010079204,Рівне,51.233711,23.7957,139.6,0
UA07060350000084520,Самарівська,UA07060000000092268,Ковельський,UA07000000000024379,Волинська,сільська,Самарівська сільська громада,UA07060350010086789,Самари,51.865421,24.61659,174.4,0
UA07060370000022360,Сереховичівська,UA07060000000092268,Ковельський,UA07000000000024379,Волинська,сільська,Сереховичівська сільська громада,UA07060370010089665,Сереховичі,51.413324,24.6780485,113.0,0
UA07060390000098670,Смідинська,UA07060000000092268,Ковельський,UA07000000000024379,Волинська,сільська,Смідинська сільська громада,UA07060390010020920,Смідин,51.2981152,24.4331306,119.0,0
UA07060410000041366,Старовижівська,UA07060000000092268,Ковельський,UA07000000000024379,Волинська,селищна,Старовижівська селищна громада,UA07060410010057761,Стара Вижівка,51.4422955,24.438565,122.0,0
UA07060430000041345,Турійська,UA07060000000092268,Ковельський,UA07000000000024379,Волинська,селищна,Турійська селищна громада,UA07060430010038121,Турійськ,51.08299,24.52389,89.4,0
UA07060450000051170,Шацька,UA07060000000092268,Ковельський,UA07000000000024379,Волинська,селищна,Шацька селищна громада,UA07060450010076290,Шацьк,51.4909494,23.9219323,153.6,0
UA07080010000062933,Берестечківська,UA07080000000034745,Луцький,UA07000000000024379,Волинська,міська,Берестечківська міська громада,UA07080010010043939,Берестечко,50.3585756,25.1209852,76.4,0
UA07080030000051738,Боратинська,UA07080000000034745,Луцький,UA07000000000024379,Волинська,сільська,Боратинська сільська громада,UA07080030010027168,Боратин,50.7043549,25.3553319,11.3,0
UA07080050000014573,Городищенська,UA07080000000034745,Луцький,UA07000000000024379,Волинська,сільська,Городищенська сільська громада,UA07080050010088654,Городище,50.5831266,25.0807256,28.9,0
UA07080070000052255,Горохівська,UA07080000000034745,Луцький,UA07000000000024379,Волинська,міська,Горохівська міська громада,UA07080070010026475,Горохів,50.4986166,24.7600734,51.4,0
UA07080090000017614,Доросинівська,UA07080000000034745,Луцький,UA07000000000024379,Волинська,сільська,Доросинівська сільська громада,UA07080090010098846,Доросині,50.95562,24.99836,47.3,0
UA07080110000043895,Ківерцівська,UA07080000000034745,Луцький,UA07000000000024379,Волинська,міська,Ківерцівська міська громада,UA07080110010029699,Ківерці,50.8333448,25.4648622,22.7,0
UA07080130000017070,Колківська,UA07080000000034745,Луцький,UA07000000000024379,Волинська,селищна,Колківська селищна громада,UA07080130010099463,Колки,51.0962777,25.6676021,57.7,0
UA07080150000089103,Копачівська,UA07080000000034745,Луцький,UA07000000000024379,Волинська,сільська,Копачівська сільська громада,UA07080150010098484,Копачівка,50.8798116,25.2230391,24.4,0
UA07080170000013585,Луцька,UA07080000000034745,Луцький,UA07000000000024379,Волинська,міська,Луцька міська громада,UA07080170010083384,Луцьк,50.7450733,25.320078,0.0,1
UA07080190000072811,Мар’янівська,UA07080000000034745,Луцький,UA07000000000024379,Волинська,селищна,Мар’янівська селищна громада,UA07080190010027494,Мар’янівка,50.4508395,24.7980123,58.8,0
UA07080210000090779,Олицька,UA07080000000034745,Луцький,UA07000000000024379,Волинська,селищна,Олицька селищна громада,UA07080210010079720,Олика,50.725417,25.8111941,50.5,0
UA07080230000046097,Підгайцівська,UA07080000000034745,Луцький,UA07000000000024379,Волинська,сільська,Підгайцівська сільська громада,UA07080230010097610,Підгайці,50.7100328,25.4064958,12.4,0
UA07080250000053335,Рожищенська,UA07080000000034745,Луцький,UA07000000000024379,Волинська,міська,Рожищенська міська громада,UA07080250010017534,Рожище,50.916332,25.2712543,30.5,0
UA07080270000067148,Торчинська,UA07080000000034745,Луцький,UA07000000000024379,Волинська,селищна,Торчинська селищна громада,UA07080270010097317,Торчин,50.769734,25.010768,25.8,0
UA07080290000088287,Цуманська,UA07080000000034745,Луцький,UA07000000000024379,Волинська,селищна,Цуманська селищна громада,UA07080290010047045,Цумань,50.82962,25.88413,55.3,0
UA12020010000033698,Дніпровська,UA12020000000052809,Дніпровський,UA12000000000090473,Дніпропетровська,міська,Дніпровська міська громада,UA12020010010037010,Дніпро,48.4680221,35.0417711,0.0,1
UA12020030000073022,Китайгородська,UA12020000000052809,Дніпровський,UA12000000000090473,Дніпропетровська,сільська,Китайгородська сільська громада,UA12020030010052622,Китайгород,48.90081,34.447723,85.0,0
UA12020050000026654,Любимівська,UA12020000000052809,Дніпровський,UA12000000000090473,Дніпропетровська,сільська,Любимівська сільська громада,UA12020050010036263,Любимівка,48.373829,35.172729,35.1,0
UA12020070000057092,Ляшківська,UA12020000000052809,Дніпровський,UA12000000000090473,Дніпропетровська,сільська,Ляшківська сільська громада,UA12020070010051981,Ляшківка,48.9985575,34.3960233,103.8,0
UA12020090000044548,Миколаївська,UA12020000000052809,Дніпровський,UA12000000000090473,Дніпропетровська,сільська,Миколаївська сільська громада,UA12020090010020700,Миколаївка,48.3615514,34.6844602,35.0,0
UA12020110000034205,Могилівська,UA12020000000052809,Дніпровський,UA12000000000090473,Дніпропетровська,сільська,Могилівська сільська громада,UA12020110010079539,Могилів,48.86272,34.48402,77.9,0
UA12020130000022909,Новоолександрівська,UA12020000000052809,Дніпровський,UA12000000000090473,Дніпропетровська,сільська,Новоолександрівська сільська громада,UA12020130010023313,Новоолександрівка,48.358379,34.986992,21.7,0
UA12020150000050274,Новопокровська,UA12020000000052809,Дніпровський,UA12000000000090473,Дніпропетровська,селищна,Новопокровська селищна громада,UA12020150010079151,Новопокровка,48.067799,34.613155,66.3,0
UA12020170000068526,Обухівська,UA12020000000052809,Дніпровський,UA12000000000090473,Дніпропетровська,селищна,Обухівська селищна громада,UA12020170010095010,Обухівка,48.5495226,34.8545508,35.2,0
UA12020190000075117,Петриківська,UA12020000000052809,Дніпровський,UA12000000000090473,Дніпропетровська,селищна,Петриківська селищна громада,UA12020190010023009,Петриківка,48.7120245,34.6240969,56.5,0
UA12020210000032285,Підгородненська,UA12020000000052809,Дніпровський,UA12000000000090473,Дніпропетровська,міська,Підгородненська міська громада,UA12020210010051215,Підгородне,48.5681471,35.1013002,20.7,0
UA12020230000085693,Святовасилівська,UA12020000000052809,Дніпровський,UA12000000000090473,Дніпропетровська,сільська,Святовасилівська сільська громада,UA12020230010080639,Святовасилівка,48.18399,34.565262,70.1,0
UA12020250000010438,Слобожанська,UA12020000000052809,Дніпровський,UA12000000000090473,Дніпропетровська,селищна,Слобожанська селищна громада,UA12020250010046556,Слобожанське,48.5307982,35.0828484,14.6,0
UA12020270000063450,Солонянська,UA12020000000052809,Дніпровський,UA12000000000090473,Дніпропетровська,селищна,Солонянська селищна громада,UA12020270010031228,Солоне,48.20423,34.87713,42.0,0
UA12020290000063321,Сурсько-Литовська,UA12020000000052809,Дніпровський,UA12000000000090473,Дніпропетровська,сільська,Сурсько-Литовська сільська громада,UA12020290010050775,Сурсько-Литовське,48.336411,34.92416,29.6,0
UA12020310000017431,Царичанська,UA12020000000052809,Дніпровський,UA12000000000090473,Дніпропетровська,селищна,Царичанська селищна громада,UA12020310010078504,Царичанка,48.9434,34.48986,94.4,0
UA12020330000076598,Чумаківська,UA12020000000052809,Дніпровський,UA12000000000090473,Дніпропетровська,сільська,Чумаківська сільська громада,UA12020330010081292,Чумаки,48.649181,34.865452,35.8,0
UA12040010000018960,Божедарівська,UA12040000000032213,Кам’янський,UA12000000000090473,Дніпропетровська,селищна,Божедарівська селищна громада,UA12040010010084655,Божедарівка,48.3601,34.11392,73.7,0
UA12040030000066040,Верхівцівська,UA12040000000032213,Кам’янський,UA12000000000090473,Дніпропетровська,міська,Верхівцівська міська громада,UA12040030010058766,Верхівцеве,48.48404,34.24232,79.7,0
UA12040050000057182,Верхньодніпровська,UA12040000000032213,Кам’янський,UA12000000000090473,Дніпропетровська,міська,Верхньодніпровська міська громада,UA12040050010019298,Верхньодніпровськ,48.6541915,34.3347779,78.5,0
UA12040070000083117,Вишнівська,UA12040000000032213,Кам’янський,UA12000000000090473,Дніпропетровська,селищна,Вишнівська селищна громада,UA12040070010013106,Вишневе,48.4379101,33.9165294,99.2,0
UA12040090000029346,Вільногірська,UA12040000000032213,Кам’янський,UA12000000000090473,Дніпропетровська,міська,Вільногірська міська громада,UA12040090010047409,Вільногірськ,48.49365,34.02328,103.4,0
UA12040110000091524,Жовтоводська,UA12040000000032213,Кам’янський,UA12000000000090473,Дніпропетровська,міська,Жовтоводська міська громада,UA12040110010051141,Жовті Води,48.3465174,33.5027797,126.5,0
UA12040130000037856,Затишнянська,UA12040000000032213,Кам’янський,UA12000000000090473,Дніпропетровська,сільська,Затишнянська сільська громада,UA12040130010018818,Затишне,48.207699,34.24868,64.1,0
UA12040150000015189,Кам’янська,UA12040000000032213,Кам’янський,UA12000000000090473,Дніпропетровська,міська,Кам’янська міська громада,UA12040150010056523,Кам’янське,48.5167748,34.6068797,47.2,0
UA12040170000019083,Криничанська,UA12040000000032213,Кам’янський,UA12000000000090473,Дніпропетровська,селищна,Криничанська селищна громада,UA12040170010014478,Кринички,48.3747353,34.4569858,50.9,0
UA12040190000056469,Лихівська,UA12040000000032213,Кам’янський,UA12000000000090473,Дніпропетровська,селищна,Лихівська селищна громада,UA12040190010019763,Лихівка,48.68626,33.922,114.6,0
UA12040210000039759,П’ятихатська,UA12040000000032213,Кам’янський,UA12000000000090473,Дніпропетровська,міська,П’ятихатська міська громада,UA12040210010024143,П’ятихатки,48.4124318,33.7016613,101.9,0
UA12040230000099388,Саксаганська,UA12040000000032213,Кам’янський,UA12000000000090473,Дніпропетровська,сільська,Саксаганська сільська громада,UA12040230010024032,Саксагань,48.345341,33.84235,92.1,0
UA12060010000090992,Апостолівська,UA12060000000022633,Криворізький,UA12000000000090473,Дніпропетровська,міська,Апостолівська міська громада,UA12060010010033935,Апостолове,47.6617478,33.7180001,163.1,0
UA12060030000081794,Вакулівська,UA12060000000022633,Криворізький,UA12000000000090473,Дніпропетровська,сільська,Вакулівська сільська громада,UA12060030010081795,Вакулове,47.89455,33.941921,120.9,0
UA12060050000031212,Глеюватська,UA12060000000022633,Криворізький,UA12000000000090473,Дніпропетровська,сільська,Глеюватська сільська громада,UA12060050010094800,Глеюватка,48.0477159,33.4276509,147.1,0
UA12060070000012840,Гречаноподівська,UA12060000000022633,Криворізький,UA12000000000090473,Дніпропетровська,сільська,Гречаноподівська сільська громада,UA12060070010017226,Гречані Поди,47.785156,33.463089,149.8,0
UA12060090000074553,Грушівська,UA12060000000022633,Криворізький,UA12000000000090473,Дніпропетровська,сільська,Грушівська сільська громада,UA12060090010097136,Грушівка,47.588978,34.012913,150.6,0
UA12060110000015305,Девладівська,UA12060000000022633,Криворізький,UA12000000000090473,Дніпропетровська,сільська,Девладівська сільська громада,UA12060110010017047,Девладове,48.103291,33.751369,103.1,0
UA12060130000012028,Зеленодольська,UA12060000000022633,Криворізький,UA12000000000090473,Дніпропетровська,міська,Зеленодольська міська громада,UA12060130010067974,Зеленодольськ,47.5668051,33.6474574,176.0,0
UA12060150000015198,Карпівська,UA12060000000022633,Криворізький,UA12000000000090473,Дніпропетровська,сільська,Карпівська сільська громада,UA12060150010085786,Карпівка,47.66556,33.1152,181.4,0
UA12060170000091033,Криворізька,UA12060000000022633,Криворізький,UA12000000000090473,Дніпропетровська,міська,Криворізька міська громада,UA12060170010065850,Кривий Ріг,47.9102734,33.3917703,132.8,0
UA12060190000043514,Лозуватська,UA12060000000022633,Криворізький,UA12000000000090473,Дніпропетровська,сільська,Лозуватська сільська громада,UA12060190010077883,Лозуватка,48.061314,33.2810237,160.3,0
UA12060210000077302,Нивотрудівська,UA12060000000022633,Криворізький,UA12000000000090473,Дніпропетровська,сільська,Нивотрудівська сільська громада,UA12060210010069836,Нива Трудова,47.7285008,33.6215469,154.3,0
UA12060230000032833,Новолатівська,UA12060000000022633,Криворізький,UA12000000000090473,Дніпропетровська,сільська,Новолатівська сільська громада,UA12060230010078581,Новолатівка,47.7582211,33.2364554,162.0,0
UA12060250000064393,Новопільська,UA12060000000022633,Криворізький,UA12000000000090473,Дніпропетровська,сільська,Новопільська сільська громада,UA12060250010097606,Новопілля,47.9559565,33.525732,124.2,0
UA12060270000017282,Софіївська,UA12060000000022633,Криворізький,UA12000000000090473,Дніпропетровська,селищна,Софіївська селищна громада,UA12060270010037645,Софіївка,48.0482032,33.8668627,95.6,0
UA12060290000039013,Широківська,UA12060000000022633,Криворізький,UA12000000000090473,Дніпропетровська,селищна,Широківська селищна громада,UA12060290010034876,Широке,47.6846511,33.2645369,162.5,0
UA12080010000029838,Марганецька,UA12080000000023578,Нікопольський,UA12000000000090473,Дніпропетровська,міська,Марганецька міська громада,UA12080010010085669,Марганець,47.6490555,34.649194,106.9,0
UA12080030000022466,Мирівська,UA12080000000023578,Нікопольський,UA12000000000090473,Дніпропетровська,сільська,Мирівська сільська громада,UA12080030010018520,Мирове,47.770885,34.729996,91.9,0
UA12080050000062712,Нікопольська,UA12080000000023578,Нікопольський,UA12000000000090473,Дніпропетровська,міська,Нікопольська міська громада,UA12080050010010114,Нікополь,47.5692061,34.3917272,119.0,0
UA12080070000077032,Першотравневська,UA12080000000023578,Нікопольський,UA12000000000090473,Дніпропетровська,сільська,Першотравневська сільська громада,UA12080070010014643,Першотравневе,47.748482,34.380531,121.3,0
UA12080090000039979,Покровська,UA12080000000023578,Нікопольський,UA12000000000090473,Дніпропетровська,міська,Покровська міська громада,UA12080090010010311,Покров,47.6546589,34.1149341,147.5,0
UA12080110000055958,Покровська,UA12080000000023578,Нікопольський,UA12000000000090473,Дніпропетровська,сільська,Покровська сільська громада,UA12080110010027403,Покровське,47.546421,34.15443,147.3,0
UA12080130000071360,Томаківська,UA12080000000023578,Нікопольський,UA12000000000090473,Дніпропетровська,селищна,Томаківська селищна громада,UA12080130010022918,Томаківка,47.8128265,34.7523182,91.0,0
UA12080150000061416,Червоногригорівська,UA12080000000023578,Нікопольський,UA12000000000090473,Дніпропетровська,селищна,Червоногригорівська селищна громада,UA12080150010074990,Червоногригорівка,47.62161,34.52453,122.7,0
UA12100010000093577,Губиниська,UA12100000000039307,Новомосковський,UA12000000000090473,Дніпропетровська,селищна,Губиниська селищна громада,UA12100010010056420,Губиниха,48.8082927,35.2563381,56.3,0
UA12100030000084605,Личківська,UA12100000000039307,Новомосковський,UA12000000000090473,Дніпропетровська,сільська,Личківська сільська громада,UA12100030010063170,Личкове,49.0814029,35.218048,85.2,0
UA12100050000045992,Магдалинівська,UA12100000000039307,Новомосковський,UA12000000000090473,Дніпропетровська,селищна,Магдалинівська селищна громада,UA12100050010075158,Магдалинівка,48.9145571,34.9291661,68.8,0
UA12100070000011492,Новомосковська,UA12100000000039307,Новомосковський,UA12000000000090473,Дніпропетровська,міська,Новомосковська міська громада,UA12100070010038698,Новомосковськ,48.6358512,35.2595541,38.5,0
UA12100090000022751,Перещепинська,UA12100000000039307,Новомосковський,UA12000000000090473,Дніпропетровська,міська,Перещепинська міська громада,UA12100090010016421,Перещепине,49.01825,35.35915,72.7,0
UA12100110000043499,Піщанська,UA12100000000039307,Новомосковський,UA12000000000090473,Дніпропетровська,сільська,Піщанська сільська громада,UA12100110010053622,Піщанка,48.606949,35.331341,39.7,0
UA12100130000095653,Черкаська,UA12100000000039307,Новомосковський,UA12000000000090473,Дніпропетровська,селищна,Черкаська селищна громада,UA12100130010091954,Черкаське,48.7061619,35.379844,59.7,0
UA12100150000039396,Чернеччинська,UA12100000000039307,Новомосковський,UA12000000000090473,Дніпропетровська,сільська,Чернеччинська сільська громада,UA12100150010067767,Чернеччина,49.118382,34.773186,104.2,0
UA12120010000087180,Богданівська,UA12120000000089862,Павлоградський,UA12000000000090473,Дніпропетровська,сільська,Богданівська сільська громада,UA12120010010068638,Богданівка,48.494678,36.108971,97.9,0
UA12120030000075687,Вербківська,UA12120000000089862,Павлоградський,UA12000000000090473,Дніпропетровська,сільська,Вербківська сільська громада,UA12120030010031225,Вербки,48.5881998,35.903293,79.0,0
UA12120050000027007,Межиріцька,UA12120000000089862,Павлоградський,UA12000000000090473,Дніпропетровська,сільська,Межиріцька сільська громада,UA12120050010049608,Межиріч,48.550991,35.786591,62.2,0
UA12120070000057518,Павлоградська,UA12120000000089862,Павлоградський,UA12000000000090473,Дніпропетровська,міська,Павлоградська міська громада,UA12120070010055676,Павлоград,48.5316759,35.8703695,72.1,0
UA12120090000031622,Тернівська,UA12120000000089862,Павлоградський,UA12000000000090473,Дніпропетровська,міська,Тернівська міська громада,UA12120090010057273,Тернівка,48.5222847,36.0713939,98.7,0
UA12120110000010894,Троїцька,UA12120000000089862,Павлоградський,UA12000000000090473,Дніпропетровська,сільська,Троїцька сільська громада,UA12120110010078238,Троїцьке,48.410221,35.868301,85.3,0
UA12120130000021632,Юр’ївська,UA12120000000089862,Павлоградський,UA12000000000090473,Дніпропетровська,селищна,Юр’ївська селищна громада,UA12120130010052999,Юр’ївка,48.74599,36.01833,98.0,0
UA12140010000024967,Брагинівська,UA12140000000011720,Синельниківський,UA12000000000090473,Дніпропетровська,сільська,Брагинівська сільська громада,UA12140010010018991,Богинівка,48.482418,36.350155,129.4,0
UA12140030000091432,Васильківська,UA12140000000011720,Синельниківський,UA12000000000090473,Дніпропетровська,селищна,Васильківська селищна громада,UA12140030010030626,Васильківка,48.21041,36.03035,109.6,0
UA12140050000051356,Великомихайлівська,UA12140000000011720,Синельниківський,UA12000000000090473,Дніпропетровська,сільська,Великомихайлівська сільська громада,UA12140050010042898,Великомихайлівка,47.9741006,36.4563294,174.8,0
UA12140070000025486,Дубовиківська,UA12140000000011720,Синельниківський,UA12000000000090473,Дніпропетровська,сільська,Дубовиківська сільська громада,UA12140070010075852,Дубовики,48.238911,36.217121,132.2,0
UA12140090000053443,Зайцівська,UA12140000000011720,Синельниківський,UA12000000000090473,Дніпропетровська,сільська,Зайцівська сільська громада,UA12140090010084370,Зайцеве,48.4286465,35.6728255,75.6,0
UA12140110000060935,Іларіонівська,UA12140000000011720,Синельниківський,UA12000000000090473,Дніпропетровська,селищна,Іларіонівська селищна громада,UA12140110010072197,Іларіонове,48.4043673,35.275539,36.9,0
UA12140130000052990,Маломихайлівська,UA12140000000011720,Синельниківський,UA12000000000090473,Дніпропетровська,сільська,Маломихайлівська сільська громада,UA12140130010053663,Маломихайлівка,48.0905779,36.4104291,158.2,0
UA12140150000054570,Межівська,UA12140000000011720,Синельниківський,UA12000000000090473,Дніпропетровська,селищна,Межівська селищна громада,UA12140150010037835,Межова,48.2553506,36.7322839,159.8,0
UA12140170000037152,Миколаївська,UA12140000000011720,Синельниківський,UA12000000000090473,Дніпропетровська,сільська,Миколаївська сільська громада,UA12140170010079994,Миколаївка,48.389278,36.315651,113.0,0
UA12140190000047361,Новопавлівська,UA12140000000011720,Синельниківський,UA12000000000090473,Дніпропетровська,сільська,Новопавлівська сільська громада,UA12140190010085809,Новопавлівка,48.13591,36.79047,174.7,0
UA12140210000089021,Першотравенська,UA12140000000011720,Синельниківський,UA12000000000090473,Дніпропетровська,міська,Першотравенська міська громада,UA12140210010011011,Першотравенськ,48.3505864,36.402296,125.1,0
UA12140230000057328,Петропавлівська,UA12140000000011720,Синельниківський,UA12000000000090473,Дніпропетровська,селищна,Петропавлівська селищна громада,UA12140230010014772,Петропавлівка,48.45863,36.42483,126.4,0
UA12140250000015858,Покровська,UA12140000000011720,Синельниківський,UA12000000000090473,Дніпропетровська,селищна,Покровська селищна громада,UA12140250010057863,Покровське,47.9808528,36.2333808,147.1,0
UA12140270000072109,Раївська,UA12140000000011720,Синельниківський,UA12000000000090473,Дніпропетровська,сільська,Раївська сільська громада,UA12140270010035142,Раївка,48.352551,35.45631,54.7,0
UA12140290000032227,Роздорська,UA12140000000011720,Синельниківський,UA12000000000090473,Дніпропетровська,селищна,Роздорська селищна громада,UA12140290010050977,Роздори,48.331689,35.7132916,75.5,0
UA12140310000078816,Синельниківська,UA12140000000011720,Синельниківський,UA12000000000090473,Дніпропетровська,міська,Синельниківська міська громада,UA12140310010049426,Синельникове,48.3269304,35.5246984,60.9,0
UA12140330000063909,Славгородська,UA12140000000011720,Синельниківський,UA12000000000090473,Дніпропетровська,селищна,Славгородська селищна громада,UA12140330010029935,Славгород,48.1009562,35.5171714,91.1,0
UA12140350000058140,Слов’янська,UA12140000000011720,Синельниківський,UA12000000000090473,Дніпропетровська,сільська,Слов’янська сільська громада,UA12140350010019723,Слов’янка,48.399643,36.709404,143.4,0
UA12140370000059352,Українська,UA12140000000011720,Синельниківський,UA12000000000090473,Дніпропетровська,сільська,Українська сільська громада,UA12140370010078317,Українське,48.5033882,36.5733963,143.4,0
UA14020010000088496,Бахмутська,UA14020000000013572,Бахмутський,UA14000000000091971,Донецька,міська,Бахмутська міська громада,UA14020010010059145,Бахмут,48.5894123,38.0020994,47.8,0
UA14020030000023064,Званівська,UA14020000000013572,Бахмутський,UA14000000000091971,Донецька,сільська,Званівська сільська громада,UA14020030010045953,Званівка,48.8140035,38.0763916,66.9,0
UA14020050000019803,Світлодарська,UA14020000000013572,Бахмутський,UA14000000000091971,Донецька,міська,Світлодарська міська громада,UA14020050010014183,Світлодарськ,48.43803,38.22349,80.5,0
UA14020070000070354,Сіверська,UA14020000000013572,Бахмутський,UA14000000000091971,Донецька,міська,Сіверська міська громада,UA14020070010064896,Сіверськ,48.8676267,38.0902435,69.8,0
UA14020090000073988,Соледарська,UA14020000000013572,Бахмутський,UA14000000000091971,Донецька,міська,Соледарська міська громада,UA14020090010053316,Соледар,48.6948731,38.0627964,53.2,0
UA14020110000075529,Торецька,UA14020000000013572,Бахмутський,UA14000000000091971,Донецька,міська,Торецька міська громада,UA14020110010025394,Торецьк,48.3970469,37.8501378,57.8,0
UA14020130000080900,Часовоярська,UA14020000000013572,Бахмутський,UA14000000000091971,Донецька,міська,Часовоярська міська громада,UA14020130010015598,Часів Яр,48.5873911,37.8373367,56.1,0
UA14040010000017239,Великоновосілківська,UA14040000000098211,Волноваський,UA14000000000091971,Донецька,селищна,Великоновосілківська селищна громада,UA14040010010027148,Велика Новосілка,47.84091,36.83012,156.5,0
UA14040030000025138,Волноваська,UA14040000000098211,Волноваський,UA14000000000091971,Донецька,міська,Волноваська міська громада,UA14040030010074500,Волноваха,47.5984285,37.4998511,211.3,0
UA14040050000064688,Вугледарська,UA14040000000098211,Волноваський,UA14000000000091971,Донецька,міська,Вугледарська міська громада,UA14040050010075856,Вугледар,47.7805058,37.2484374,176.8,0
UA14040070000032181,Комарська,UA14040000000098211,Волноваський,UA14000000000091971,Донецька,сільська,Комарська сільська громада,UA14040070010046914,Комар,47.97781,36.74678,151.6,0
UA14040090000061195,Мирненська,UA14040000000098211,Волноваський,UA14000000000091971,Донецька,селищна,Мирненська селищна громада,UA14040090010085182,Мирне,47.4242451,37.7344444,248.4,0
UA14040110000019914,Ольгинська,UA14040000000098211,Волноваський,UA14000000000091971,Донецька,селищна,Ольгинська селищна громада,UA14040110010075110,Ольгинка,47.6976728,37.5003415,194.4,0
UA14040130000068575,Старомлинівська,UA14040000000098211,Волноваський,UA14000000000091971,Донецька,сільська,Старомлинівська сільська громада,UA14040130010011171,Старомлинівка,47.697415,36.8256785,189.7,0
UA14040150000099558,Хлібодарівська,UA14040000000098211,Волноваський,UA14000000000091971,Донецька,сільська,Хлібодарівська сільська громада,UA14040150010086593,Хлібодарівка,47.4865084,37.4105964,236.4,0
UA14060010000010738,Вуглегірська,UA14060000000024357,Горлівський,UA14000000000091971,Донецька,міська,Вуглегірська міська громада,UA14060010010063452,Вуглегірськ,48.3119524,38.2609048,199.9,0
UA14060030000084305,Горлівська,UA14060000000024357,Горлівський,UA14000000000091971,Донецька,міська,Горлівська міська громада,UA14060030010082815,Горлівка,48.3058686,38.0027664,223.9,0
UA14060050000034979,Дебальцівська,UA14060000000024357,Горлівський,UA14000000000091971,Донецька,міська,Дебальцівська міська громада,UA14060050010077630,Дебальцеве,48.3331084,38.4047549,196.5,0
UA14060070000066382,Єнакієвська,UA14060000000024357,Горлівський,UA14000000000091971,Донецька,міська,Єнакієвська міська громада,UA14060070010013898,Єнакієве,48.2305107,38.185045,212.4,0
UA14060090000054042,Жданівська,UA14060000000024357,Горлівський,UA14000000000091971,Донецька,міська,Жданівська міська громада,UA14060090010040660,Жданівка,48.1570316,38.2565049,225.5,0
UA14060110000052135,Сніжнянська,UA14060000000024357,Горлівський,UA14000000000091971,Донецька,міська,Сніжнянська міська громада,UA14060110010087700,Сніжне,48.0220754,38.7634612,237.7,0
UA14060130000085167,Хрестівська,UA14060000000024357,Горлівський,UA14000000000091971,Донецька,міська,Хрестівська міська громада,UA14060130010053720,Хрестівка,48.1456309,38.3545249,226.1,0
UA14060150000032950,Чистяківська,UA14060000000024357,Горлівський,UA14000000000091971,Донецька,міська,Чистяківська міська громада,UA14060150010042613,Чистякове,48.0261217,38.618137,242.1,0
UA14060170000097532,Шахтарська,UA14060000000024357,Горлівський,UA14000000000091971,Донецька,міська,Шахтарська міська громада,UA14060170010074240,Шахтарськ,48.0550423,38.4459474,235.7,0
UA14080010000095044,Амвросіївська,UA14080000000098686,Донецький,UA14000000000091971,Донецька,міська,Амвросіївська міська громада,UA14080010010080957,Амвросіївка,47.7952806,38.4798317,246.4,0
UA14080030000053877,Донецька,UA14080000000098686,Донецький,UA14000000000091971,Донецька,міська,Донецька міська громада,UA14080030010048113,Донецьк,48.0158753,37.8013407,179.6,0
UA14080050000085820,Іловайська,UA14080000000098686,Донецький,UA14000000000091971,Донецька,міська,Іловайська міська громада,UA14080050010038056,Іловайськ,47.9248328,38.1976205,225.2,0
UA14080070000011977,Макіївська,UA14080000000098686,Донецький,UA14000000000091971,Донецька,міська,Макіївська міська громада,UA14080070010078220,Макіївка,48.0448144,37.9635093,192.4,0
UA14080090000014360,Харцизька,UA14080000000098686,Донецький,UA14000000000091971,Донецька,міська,Харцизька міська громада,UA14080090010025582,Харцизьк,48.0339524,38.149804,209.8,0
UA14080110000066209,Ясинуватська,UA14080000000098686,Донецький,UA14000000000091971,Донецька,міська,Ясинуватська міська громада,UA14080110010033879,Ясинувата,48.1270606,37.8590172,206.2,0
UA14100010000054669,Бойківська,UA14100000000010319,Кальміуський,UA14000000000091971,Донецька,селищна,Бойківська селищна громада,UA14100010010036777,Бойківське,47.4124746,38.0187455,248.4,0
UA14100030000067479,Докучаєвська,UA14100000000010319,Кальміуський,UA14000000000091971,Донецька,міська,Докучаєвська міська громада,UA14100030010068644,Докучаєвськ,47.7499257,37.6715943,191.6,0
UA14100050000098906,Кальміуська,UA14100000000010319,Кальміуський,UA14000000000091971,Донецька,міська,Кальміуська міська громада,UA14100050010067495,Кальміуське,47.6687951,38.0739208,221.7,0
UA14100070000079873,Новоазовська,UA14100000000010319,Кальміуський,UA14000000000091971,Донецька,міська,Новоазовська міська громада,UA14100070010064864,Новоазовськ,47.1138718,38.0830911,292.2,0
UA14100090000050286,Старобешівська,UA14100000000010319,Кальміуський,UA14000000000091971,Донецька,селищна,Старобешівська селищна громада,UA14100090010090848,Старобешеве,47.749822,38.0252111,201.7,0
UA14120010000096882,Андріївська,UA14120000000070232,Краматорський,UA14000000000091971,Донецька,сільська,Андріївська сільська громада,UA14120010010052562,Андріївка,48.6169422,37.2862984,34.6,0
UA14120030000057882,Дружківська,UA14120000000070232,Краматорський,UA14000000000091971,Донецька,міська,Дружківська міська громада,UA14120030010055241,Дружківка,48.6198614,37.524945,19.0,0
UA14120050000033910,Іллінівська,UA14120000000070232,Краматорський,UA14000000000091971,Донецька,сільська,Іллінівська сільська громада,UA14120050010016211,Іллінівка,48.49425,37.66654,38.9,0
UA14120070000090878,Костянтинівська,UA14120000000070232,Краматорський,UA14000000000091971,Донецька,міська,Костянтинівська міська громада,UA14120070010085843,Костянтинівка,48.534859,37.6923705,30.8,0
UA14120090000098500,Краматорська,UA14120000000070232,Краматорський,UA14000000000091971,Донецька,міська,Краматорська міська громада,UA14120090010038661,Краматорськ,48.7389415,37.5843812,0.0,1
UA14120110000031497,Лиманська,UA14120000000070232,Краматорський,UA14000000000091971,Донецька,міська,Лиманська міська громада,UA14120110010088407,Лиман,48.9801314,37.8168012,96.4,0
UA14120130000086767,Миколаївська,UA14120000000070232,Краматорський,UA14000000000091971,Донецька,міська,Миколаївська міська громада,UA14120130010079249,Миколаївка,48.8610868,37.7619191,26.6,0
UA14120150000071686,Новодонецька,UA14120000000070232,Краматорський,UA14000000000091971,Донецька,селищна,Новодонецька селищна громада,UA14120150010028915,Новодонецьке,48.6342604,36.9819183,80.8,0
UA14120170000011133,Олександрівська,UA14120000000070232,Краматорський,UA14000000000091971,Донецька,селищна,Олександрівська селищна громада,UA14120170010051419,Олександрівка,48.7073967,36.9207752,78.1,0
UA14120190000021407,Святогірська,UA14120000000070232,Краматорський,UA14000000000091971,Донецька,міська,Святогірська міська громада,UA14120190010047280,Святогірськ,49.0355675,37.5653551,53.6,0
UA14120210000056793,Слов’янська,UA14120000000070232,Краматорський,UA14000000000091971,Донецька,міська,Слов’янська міська громада,UA14120210010032554,Слов’янськ,48.8522691,37.6058241,17.2,0
UA14120230000038918,Черкаська,UA14120000000070232,Краматорський,UA14000000000091971,Донецька,селищна,Черкаська селищна громада,UA14120230010052599,Черкаське,48.8354023,37.3884068,40.8,0
UA14140010000044623,Кальчицька,UA14140000000070889,Маріупольський,UA14000000000091971,Донецька,сільська,Кальчицька сільська громада,UA14140010010097440,Кальчик,47.303725,37.5980463,251.6,0
UA14140030000092230,Мангушська,UA14140000000070889,Маріупольський,UA14000000000091971,Донецька,селищна,Мангушська селищна громада,UA14140030010076696,Мангуш,47.0568106,37.3078191,289.8,0
UA14140050000020560,Маріупольська,UA14140000000070889,Маріупольський,UA14000000000091971,Донецька,міська,Маріупольська міська громада,UA14140050010029262,Маріуполь,47.0957648,37.5499621,277.5,0
UA14140070000060361,Нікольська,UA14140000000070889,Маріупольський,UA14000000000091971,Донецька,селищна,Нікольська селищна громада,UA14140070010098555,Нікольське,47.2004406,37.3162144,271.7,0
UA14140090000015932,Сартанська,UA14140000000070889,Маріупольський,UA14000000000091971,Донецька,селищна,Сартанська селищна громада,UA14140090010010726,Сартана,47.1701321,37.6952892,285.4,0
UA14160010000086090,Авдіївська,UA14160000000061982,Покровський,UA14000000000091971,Донецька,міська,Авдіївська міська громада,UA14160010010073615,Авдіївка,48.1338824,37.7466719,86.4,0
UA14160030000019136,Білозерська,UA14160000000061982,Покровський,UA14000000000091971,Донецька,міська,Білозерська міська громада,UA14160030010032487,Білозерське,48.53313,37.05791,63.9,0
UA14160050000083011,Гродівська,UA14160000000061982,Покровський,UA14000000000091971,Донецька,селищна,Гродівська селищна громада,UA14160050010087340,Гродівка,48.26294,37.37892,85.4,0
UA14160070000097326,Добропільська,UA14160000000061982,Покровський,UA14000000000091971,Донецька,міська,Добропільська міська громада,UA14160070010040544,Добропілля,48.4683035,37.0903243,61.3,0
UA14160090000058463,Криворізька,UA14160000000061982,Покровський,UA14000000000091971,Донецька,сільська,Криворізька сільська громада,UA14160090010089161,Криворіжжя,48.4441378,36.9162268,75.0,0
UA14160110000031920,Курахівська,UA14160000000061982,Покровський,UA14000000000091971,Донецька,міська,Курахівська міська громада,UA14160110010020758,Курахове,47.9835214,37.2826414,134.8,0
UA14160130000011561,Мар’їнська,UA14160000000061982,Покровський,UA14000000000091971,Донецька,міська,Мар’їнська міська громада,UA14160130010089415,Мар’їнка,47.9401242,37.5022312,146.3,0
UA14160150000038750,Мирноградська,UA14160000000061982,Покровський,UA14000000000091971,Донецька,міська,Мирноградська міська громада,UA14160150010065527,Мирноград,48.30791,37.2591,73.8,0
UA14160170000023385,Новогродівська,UA14160000000061982,Покровський,UA14000000000091971,Донецька,міська,Новогродівська міська громада,UA14160170010061687,Новогродівка,48.1997174,37.3399704,102.3,0
UA14160190000059231,Очеретинська,UA14160000000061982,Покровський,UA14000000000091971,Донецька,селищна,Очеретинська селищна громада,UA14160190010012632,Очеретине,48.24612,37.60311,76.0,0
UA14160210000011148,Покровська,UA14160000000061982,Покровський,UA14000000000091971,Донецька,міська,Покровська міська громада,UA14160210010099403,Покровськ,48.2771086,37.1772482,85.0,0
UA14160230000060952,Селидівська,UA14160000000061982,Покровський,UA14000000000091971,Донецька,міська,Селидівська міська громада,UA14160230010080205,Селидове,48.15015,37.3018921,101.8,0
UA14160250000075646,Удачненська,UA14160000000061982,Покровський,UA14000000000091971,Донецька,селищна,Удачненська селищна громада,UA14160250010071750,Удачне,48.23942,36.98273,101.7,0
UA14160270000099007,Шахівська,UA14160000000061982,Покровський,UA14000000000091971,Донецька,сільська,Шахівська сільська громада,UA14160270010010515,Шахове,48.4594232,37.3488998,54.3,0
UA18020010000059904,Андрушівська,UA18020000000072859,Бердичівський,UA18000000000041385,Житомирська,міська,Андрушівська міська громада,UA18020010010097402,Андрушівка,50.0301392,29.0222111,63.7,0
UA18020030000035625,Бердичівська,UA18020000000072859,Бердичівський,UA18000000000041385,Житомирська,міська,Бердичівська міська громада,UA18020030010047029,Бердичів,49.8940442,28.5814912,45.4,0
UA18020050000058053,Вчорайшенська,UA18020000000072859,Бердичівський,UA18000000000041385,Житомирська,сільська,Вчорайшенська сільська громада,UA18020050010092154,Вчорайше,49.868717,29.14735,83.7,0
UA18020070000083539,Гришковецька,UA18020000000072859,Бердичівський,UA18000000000041385,Житомирська,селищна,Гришковецька селищна громада,UA18020070010056261,Гришківці,49.9339875,28.5959514,41.1,0
UA18020090000092001,Краснопільська,UA18020000000072859,Бердичівський,UA18000000000041385,Житомирська,сільська,Краснопільська сільська громада,UA18020090010030732,Краснопіль,49.833641,28.0529,85.5,0
UA18020110000026941,Райгородоцька,UA18020000000072859,Бердичівський,UA18000000000041385,Житомирська,сільська,Райгородоцька сільська громада,UA18020110010089632,Райгородок,49.826771,28.377001,60.9,0
UA18020130000096761,Ружинська,UA18020000000072859,Бердичівський,UA18000000000041385,Житомирська,селищна,Ружинська селищна громада,UA18020130010019204,Ружин,49.72172,29.20475,109.3,0
UA18020150000084693,Семенівська,UA18020000000072859,Бердичівський,UA18000000000041385,Житомирська,сільська,Семенівська сільська громада,UA18020150010089129,Семенівка,49.871059,28.66161,47.1,0
UA18020170000036711,Червоненська,UA18020000000072859,Бердичівський,UA18000000000041385,Житомирська,селищна,Червоненська селищна громада,UA18020170010068838,Червоне,49.950294,28.869226,65.5,0
UA18020190000022756,Швайківська,UA18020000000072859,Бердичівський,UA18000000000041385,Житомирська,сільська,Швайківська сільська громада,UA18020190010033555,Швайківка,49.996368,28.512609,54.5,0
UA18040010000031446,Андрушківська,UA18040000000058965,Житомирський,UA18000000000041385,Житомирська,сільська,Андрушківська сільська громада,UA18040010010088275,Андрушки,49.886509,29.329029,100.5,0
UA18040030000089649,Березівська,UA18040000000058965,Житомирський,UA18000000000041385,Житомирська,сільська,Березівська сільська громада,UA18040030010064907,Березівка,50.314777,28.439041,25.8,0
UA18040050000049937,Брусилівська,UA18040000000058965,Житомирський,UA18000000000041385,Житомирська,селищна,Брусилівська селищна громада,UA18040050010054251,Брусилів,50.28305,29.51889,60.5,0
UA18040070000059677,Високівська,UA18040000000058965,Житомирський,UA18000000000041385,Житомирська,сільська,Високівська сільська громада,UA18040070010096568,Високе,50.406223,28.809114,40.0,0
UA18040090000077574,Вишевицька,UA18040000000058965,Житомирський,UA18000000000041385,Житомирська,сільська,Вишевицька сільська громада,UA18040090010072348,Вишевичі,50.6280806,29.3990708,83.6,0
UA18040110000034222,Вільшанська,UA18040000000058965,Житомирський,UA18000000000041385,Житомирська,сільська,Вільшанська сільська громада,UA18040110010019488,Вільшанка,50.019379,28.14423,66.7,0
UA18040130000075048,Волицька,UA18040000000058965,Житомирський,UA18000000000041385,Житомирська,сільська,Волицька сільська громада,UA18040130010024369,Волиця,50.08255,29.09866,55.2,0
UA18040150000019024,Глибочицька,UA18040000000058965,Житомирський,UA18000000000041385,Житомирська,сільська,Глибочицька сільська громада,UA18040150010023707,Глибочиця,50.2792524,28.7756002,14.4,0
UA18040170000089964,Городоцька,UA18040000000058965,Житомирський,UA18000000000041385,Житомирська,селищна,Городоцька селищна громада,UA18040170010097015,Городок,50.5929252,29.4530965,83.4,0
UA18040190000029215,Житомирська,UA18040000000058965,Житомирський,UA18000000000041385,Житомирська,міська,Житомирська міська громада,UA18040190010057814,Житомир,50.2598298,28.6692345,0.0,1
UA18040210000044466,Квітнева,UA18040000000058965,Житомирський,UA18000000000041385,Житомирська,сільська,Квітнева сільська громада,UA18040210010082266,Квітневе,49.994308,29.5182,112.0,0
UA18040230000036046,Корнинська,UA18040000000058965,Житомирський,UA18000000000041385,Житомирська,селищна,Корнинська селищна громада,UA18040230010078168,Корнин,50.09697,29.54018,86.4,0
UA18040250000068141,Коростишівська,UA18040000000058965,Житомирський,UA18000000000041385,Житомирська,міська,Коростишівська міська громада,UA18040250010085012,Коростишів,50.3201518,29.0584885,30.3,0
UA18040270000050167,Курненська,UA18040000000058965,Житомирський,UA18000000000041385,Житомирська,сільська,Курненська сільська громада,UA18040270010076062,Курне,50.4538104,28.0951359,47.6,0
UA18040290000063354,Любарська,UA18040000000058965,Житомирський,UA18000000000041385,Житомирська,селищна,Любарська селищна громада,UA18040290010026645,Любар,49.9231632,27.7487535,104.4,0
UA18040310000093693,Миропільська,UA18040000000058965,Житомирський,UA18000000000041385,Житомирська,селищна,Миропільська селищна громада,UA18040310010057986,Миропіль,50.1099029,27.697456,105.2,0
UA18040330000027310,Новоборівська,UA18040000000058965,Житомирський,UA18000000000041385,Житомирська,селищна,Новоборівська селищна громада,UA18040330010073700,Нова Борова,50.6933301,28.6396035,60.6,0
UA18040350000040746,Новогуйвинська,UA18040000000058965,Житомирський,UA18000000000041385,Житомирська,селищна,Новогуйвинська селищна громада,UA18040350010010424,Новогуйвинське,50.206917,28.6918455,11.6,0
UA18040370000055940,Оліївська,UA18040000000058965,Житомирський,UA18000000000041385,Житомирська,сільська,Оліївська сільська громада,UA18040370010068522,Оліївка,50.3439043,28.6854007,14.8,0
UA18040390000055900,Попільнянська,UA18040000000058965,Житомирський,UA18000000000041385,Житомирська,селищна,Попільнянська селищна громада,UA18040390010014435,Попільня,49.9452873,29.4594464,95.6,0
UA18040410000025491,Потіївська,UA18040000000058965,Житомирський,UA18000000000041385,Житомирська,сільська,Потіївська сільська громада,UA18040410010027955,Потіївка,50.620277,28.976706,64.7,0
UA18040430000080827,Пулинська,UA18040000000058965,Житомирський,UA18000000000041385,Житомирська,селищна,Пулинська селищна громада,UA18040430010090823,Пулини,50.4690331,28.270617,47.1,0
UA18040450000079138,Радомишльська,UA18040000000058965,Житомирський,UA18000000000041385,Житомирська,міська,Радомишльська міська громада,UA18040450010049683,Радомишль,50.4961812,29.2289588,63.6,0
UA18040470000074046,Романівська,UA18040000000058965,Житомирський,UA18000000000041385,Житомирська,селищна,Романівська селищна громада,UA18040470010042845,Романів,50.146945,27.9214928,91.0,0
UA18040490000014752,Станишівська,UA18040000000058965,Житомирський,UA18000000000041385,Житомирська,сільська,Станишівська сільська громада,UA18040490010045864,Станишівка,50.2175753,28.7234963,10.0,0
UA18040510000013419,Старосілецька,UA18040000000058965,Житомирський,UA18000000000041385,Житомирська,сільська,Старосілецька сільська громада,UA18040510010069308,Старосільці,50.4075891,28.9990795,35.0,0
UA18040530000045696,Тетерівська,UA18040000000058965,Житомирський,UA18000000000041385,Житомирська,сільська,Тетерівська сільська громада,UA18040530010026726,Тетерівка,50.237041,28.574751,11.7,0
UA18040550000062361,Харитонівська,UA18040000000058965,Житомирський,UA18000000000041385,Житомирська,сільська,Харитонівська сільська громада,UA18040550010070594,Харитонівка,50.285454,29.016209,33.2,0
UA18040570000099817,Хорошівська,UA18040000000058965,Житомирський,UA18000000000041385,Житомирська,селищна,Хорошівська селищна громада,UA18040570010099994,Хорошів,50.5959845,28.445337,63.4,0
UA18040590000064402,Черняхівська,UA18040000000058965,Житомирський,UA18000000000041385,Житомирська,селищна,Черняхівська селищна громада,UA18040590010051487,Черняхів,50.45299,28.66573,24.5,0
UA18040610000049084,Чуднівська,UA18040000000058965,Житомирський,UA18000000000041385,Житомирська,міська,Чуднівська міська громада,UA18040610010066897,Чуднів,50.0524287,28.1153765,62.1,0
UA18060010000047628,Білокоровицька,UA18060000000021754,Коростенський,UA18000000000041385,Житомирська,сільська,Білокоровицька сільська громада,UA18060010010098653,Білокоровичі,51.106682,28.01548,141.4,0
UA18060030000039943,Гладковицька,UA18060000000021754,Коростенський,UA18000000000041385,Житомирська,сільська,Гладковицька сільська громада,UA18060030010090311,Гладковичі,51.337784,28.897268,134.9,0
UA18060050000027575,Горщиківська,UA18060000000021754,Коростенський,UA18000000000041385,Житомирська,сільська,Горщиківська сільська громада,UA18060050010088924,Горщик,50.8977565,28.3085694,119.4,0
UA18060070000095797,Іршанська,UA18060000000021754,Коростенський,UA18000000000041385,Житомирська,селищна,Іршанська селищна громада,UA18060070010083059,Іршанськ,50.7504379,28.721134,84.4,0
UA18060090000061708,Коростенська,UA18060000000021754,Коростенський,UA18000000000041385,Житомирська,міська,Коростенська міська громада,UA18060090010074365,Коростень,51.0060511,28.5875505,97.5,0
UA18060110000061631,Лугинська,UA18060000000021754,Коростенський,UA18000000000041385,Житомирська,селищна,Лугинська селищна громада,UA18060110010054857,Лугини,51.07853,28.3976,117.1,0
UA18060130000061781,Малинська,UA18060000000021754,Коростенський,UA18000000000041385,Житомирська,міська,Малинська міська громада,UA18060130010010134,Малин,50.7677902,29.2414346,96.7,0
UA18060150000038188,Народицька,UA18060000000021754,Коростенський,UA18000000000041385,Житомирська,селищна,Народицька селищна громада,UA18060150010061189,Народичі,51.2037677,29.0913215,135.9,0
UA18060170000069581,Овруцька,UA18060000000021754,Коростенський,UA18000000000041385,Житомирська,міська,Овруцька міська громада,UA18060170010010060,Овруч,51.3259771,28.8026718,124.2,0
UA18060190000071101,Олевська,UA18060000000021754,Коростенський,UA18000000000041385,Житомирська,міська,Олевська міська громада,UA18060190010064821,Олевськ,51.22272,27.64881,169.7,0
UA18060210000083283,Словечанська,UA18060000000021754,Коростенський,UA18000000000041385,Житомирська,сільська,Словечанська сільська громада,UA18060210010039854,Словечне,51.377941,28.358181,171.6,0
UA18060230000071114,Ушомирська,UA18060000000021754,Коростенський,UA18000000000041385,Житомирська,сільська,Ушомирська сільська громада,UA18060230010051014,Ушомир,50.8625582,28.5891905124692,80.1,0
UA18060250000078729,Чоповицька,UA18060000000021754,Коростенський,UA18000000000041385,Житомирська,селищна,Чоповицька селищна громада,UA18060250010025714,Чоповичі,50.8268121,28.9467176,113.5,0
UA18080010000090720,Баранівська,UA18080000000016657,Новоград-Волинський,UA18000000000041385,Житомирська,міська,Баранівська міська громада,UA18080010010059187,Баранівка,50.29369,27.66666,109.6,0
UA18080030000019784,Барашівська,UA18080000000016657,Новоград-Волинський,UA18000000000041385,Житомирська,сільська,Барашівська сільська громада,UA18080030010060384,Бараші,50.712551,28.029209,85.3,0
UA18080050000083590,Брониківська,UA18080000000016657,Новоград-Волинський,UA18000000000041385,Житомирська,сільська,Брониківська сільська громада,UA18080050010081872,Романівка,50.575901,27.76726,65.0,0
UA18080070000029133,Городницька,UA18080000000016657,Новоград-Волинський,UA18000000000041385,Житомирська,селищна,Городницька селищна громада,UA18080070010052641,Городниця,50.80627,27.31407,117.6,0
UA18080090000055832,Довбиська,UA18080000000016657,Новоград-Волинський,UA18000000000041385,Житомирська,селищна,Довбиська селищна громада,UA18080090010071852,Довбиш,50.371498,27.985924,60.9,0
UA18080110000095378,Дубрівська,UA18080000000016657,Новоград-Волинський,UA18000000000041385,Житомирська,сільська,Дубрівська сільська громада,UA18080110010075419,Дубрівка,50.347229,27.412647,128.2,0
UA18080130000032098,Ємільчинська,UA18080000000016657,Новоград-Волинський,UA18000000000041385,Житомирська,селищна,Ємільчинська селищна громада,UA18080130010016971,Ємільчине,50.872091,27.8047443,128.4,0
UA18080150000022496,Новоград-Волинська,UA18080000000016657,Новоград-Волинський,UA18000000000041385,Житомирська,міська,Новоград-Волинська міська громада,UA18080150010017476,Новоград-Волинський,50.5917622,27.6066973,75.7,0
UA18080170000023999,Піщівська,UA18080000000016657,Новоград-Волинський,UA18000000000041385,Житомирська,сільська,Піщівська сільська громада,UA18080170010095017,Піщів,50.605431,27.32197,93.6,0
UA18080190000029932,Стриївська,UA18080000000016657,Новоград-Волинський,UA18000000000041385,Житомирська,сільська,Стриївська сільська громада,UA18080190010059030,Стриєва,50.52647,27.624781,90.9,0
UA18080210000038722,Чижівська,UA18080000000016657,Новоград-Волинський,UA18000000000041385,Житомирська,сільська,Чижівська сільська громада,UA18080210010083159,Чижівка,50.6675866,27.618603,85.6,0
UA18080230000071226,Ярунська,UA18080000000016657,Новоград-Волинський,UA18000000000041385,Житомирська,сільська,Ярунська сільська громада,UA18080230010039746,Ярунь,50.546719,27.4617,91.4,0
UA21020010000055068,Батівська,UA21020000000051405,Берегівський,UA21000000000011690,Закарпатська,селищна,Батівська селищна громада,UA21020010010017959,Батьово,48.3637408,22.3994631,55.2,0
UA21020030000019624,Берегівська,UA21020000000051405,Берегівський,UA21000000000011690,Закарпатська,міська,Берегівська міська громада,UA21020030010083215,Берегове,48.2050985,22.6453246,77.3,0
UA21020050000065800,Великоберезька,UA21020000000051405,Берегівський,UA21000000000011690,Закарпатська,сільська,Великоберезька сільська громада,UA21020050010014056,Великі Береги,48.23307,22.748911,85.5,0
UA21020070000015036,Великобийганська,UA21020000000051405,Берегівський,UA21000000000011690,Закарпатська,сільська,Великобийганська сільська громада,UA21020070010032670,Велика Бийгань,48.248535,22.576393,74.7,0
UA21020090000083647,Вилоцька,UA21020000000051405,Берегівський,UA21000000000011690,Закарпатська,селищна,Вилоцька селищна громада,UA21020090010056871,Вилок,48.111071,22.8378912,101.8,0
UA21020110000091104,Виноградівська,UA21020000000051405,Берегівський,UA21000000000011690,Закарпатська,міська,Виноградівська міська громада,UA21020110010043238,Виноградів,48.1403967,23.036008,108.4,0
UA21020130000047547,Кам’янська,UA21020000000051405,Берегівський,UA21000000000011690,Закарпатська,сільська,Кам’янська сільська громада,UA21020130010082249,Кам’янське,48.280163,22.946646,77.8,0
UA21020150000043098,Королівська,UA21020000000051405,Берегівський,UA21000000000011690,Закарпатська,селищна,Королівська селищна громада,UA21020150010092439,Королево,48.1541387,23.1322333,120.5,0
UA21020170000069101,Косоньська,UA21020000000051405,Берегівський,UA21000000000011690,Закарпатська,сільська,Косоньська сільська громада,UA21020170010067414,Косонь,48.253601,22.45598,73.9,0
UA21020190000086409,Пийтерфолвівська,UA21020000000051405,Берегівський,UA21000000000011690,Закарпатська,сільська,Пийтерфолвівська сільська громада,UA21020190010089582,Пийтерфолво,48.06741,22.927752,114.2,0
UA21040010000055885,Великолучківська,UA21040000000077329,Мукачівський,UA21000000000011690,Закарпатська,сільська,Великолучківська сільська громада,UA21040010010026102,Великі Лучки,48.418812,22.57279,41.3,0
UA21040030000026359,Верхньокоропецька,UA21040000000077329,Мукачівський,UA21000000000011690,Закарпатська,сільська,Верхньокоропецька сільська громада,UA21040030010064065,Верхній Коропець,48.4322513,22.791054,55.9,0
UA21040050000032164,Воловецька,UA21040000000077329,Мукачівський,UA21000000000011690,Закарпатська,селищна,Воловецька селищна громада,UA21040050010070301,Воловець,48.7146406,23.1888322,109.3,0
UA21040070000029344,Горондівська,UA21040000000077329,Мукачівський,UA21000000000011690,Закарпатська,сільська,Горондівська сільська громада,UA21040070010034667,Горонда,48.3802983,22.5659121,48.3,0
UA21040090000072363,Жденіївська,UA21040000000077329,Мукачівський,UA21000000000011690,Закарпатська,селищна,Жденіївська селищна громада,UA21040090010034849,Жденієво,48.77243,22.9796199,101.0,0
UA21040110000099623,Івановецька,UA21040000000077329,Мукачівський,UA21000000000011690,Закарпатська,сільська,Івановецька сільська громада,UA21040110010010794,Іванівці,48.472019,22.647631,40.8,0
UA21040130000019237,Кольчинська,UA21040000000077329,Мукачівський,UA21000000000011690,Закарпатська,селищна,Кольчинська селищна громада,UA21040130010016484,Кольчино,48.4706501,22.7526899,49.8,0
UA21040150000092428,Мукачівська,UA21040000000077329,Мукачівський,UA21000000000011690,Закарпатська,міська,Мукачівська міська громада,UA21040150010056148,Мукачево,48.4421438,22.7185112,45.6,0
UA21040170000092506,Неліпинська,UA21040000000077329,Мукачівський,UA21000000000011690,Закарпатська,сільська,Неліпинська сільська громада,UA21040170010051496,Неліпино,48.557854,23.027519,75.1,0
UA21040190000088960,Нижньоворітська,UA21040000000077329,Мукачівський,UA21000000000011690,Закарпатська,сільська,Нижньоворітська сільська громада,UA21040190010057812,Нижні Ворота,48.770844,23.096771,96.6,0
UA21040210000079273,Полянська,UA21040000000077329,Мукачівський,UA21000000000011690,Закарпатська,сільська,Полянська сільська громада,UA21040210010063908,Поляна,48.624252,22.967024,76.5,0
UA21040230000091606,Свалявська,UA21040000000077329,Мукачівський,UA21000000000011690,Закарпатська,міська,Свалявська міська громада,UA21040230010045142,Свалява,48.5460735,22.9895489,72.4,0
UA21040250000010914,Чинадіївська,UA21040000000077329,Мукачівський,UA21000000000011690,Закарпатська,селищна,Чинадіївська селищна громада,UA21040250010091008,Чинадійово,48.5005201,22.84435,56.4,0
UA21060010000011784,Богданська,UA21060000000059475,Рахівський,UA21000000000011690,Закарпатська,сільська,Богданська сільська громада,UA21060010010053544,Богдан,48.0405394,24.3609175,271.6,0
UA21060030000020114,Великобичківська,UA21060000000059475,Рахівський,UA21000000000011690,Закарпатська,селищна,Великобичківська селищна громада,UA21060030010061322,Великий Бичків,47.973549,24.0147396,204.2,0
UA21060050000029937,Рахівська,UA21060000000059475,Рахівський,UA21000000000011690,Закарпатська,міська,Рахівська міська громада,UA21060050010040895,Рахів,48.0556765,24.2057063,250.4,0
UA21060070000049340,Ясінянська,UA21060000000059475,Рахівський,UA21000000000011690,Закарпатська,селищна,Ясінянська селищна громада,UA21060070010074038,Ясіня,48.2722802,24.3611884,288.0,0
UA21080010000097427,Бедевлянська,UA21080000000048851,Тячівський,UA21000000000011690,Закарпатська,сільська,Бедевлянська сільська громада,UA21080010010015628,Бедевля,48.003201,23.663486,160.9,0
UA21080030000084057,Буштинська,UA21080000000048851,Тячівський,UA21000000000011690,Закарпатська,селищна,Буштинська селищна громада,UA21080030010025862,Буштино,48.0486521,23.4862834,144.6,0
UA21080050000056542,Вільховецька,UA21080000000048851,Тячівський,UA21000000000011690,Закарпатська,сільська,Вільховецька сільська громада,UA21080050010025151,Вільхівці,48.10638,23.74729,181.3,0
UA21080070000025254,Дубівська,UA21080000000048851,Тячівський,UA21000000000011690,Закарпатська,селищна,Дубівська селищна громада,UA21080070010064473,Дубове,48.17917,23.88599,205.6,0
UA21080090000024861,Нересницька,UA21080000000048851,Тячівський,UA21000000000011690,Закарпатська,сільська,Нересницька сільська громада,UA21080090010067775,Нересниця,48.123211,23.773041,186.6,0
UA21080110000054940,Солотвинська,UA21080000000048851,Тячівський,UA21000000000011690,Закарпатська,селищна,Солотвинська селищна громада,UA21080110010092186,Солотвино,47.9470202,23.8747013,190.1,0
UA21080130000093757,Тересвянська,UA21080000000048851,Тячівський,UA21000000000011690,Закарпатська,селищна,Тересвянська селищна громада,UA21080130010030764,Тересва,47.9978901,23.6995699,165.2,0
UA21080150000014443,Тячівська,UA21080000000048851,Тячівський,UA21000000000011690,Закарпатська,міська,Тячівська міська громада,UA21080150010051267,Тячів,48.01163,23.5783799,153.7,0
UA21080170000093911,Углянська,UA21080000000048851,Тячівський,UA21000000000011690,Закарпатська,сільська,Углянська сільська громада,UA21080170010047994,Угля,48.15136,23.625759,174.0,0
UA21080190000094580,Усть-Чорнянська,UA21080000000048851,Тячівський,UA21000000000011690,Закарпатська,селищна,Усть-Чорнянська селищна громада,UA21080190010077478,Усть-Чорна,48.3249324,23.9348815,236.6,0
UA21100010000070243,Баранинська,UA21100000000055073,Ужгородський,UA21000000000011690,Закарпатська,сільська,Баранинська сільська громада,UA21100010010064740,Баранинці,48.57021,22.326281,14.2,0
UA21100030000089881,Великоберезнянська,UA21100000000055073,Ужгородський,UA21000000000011690,Закарпатська,селищна,Великоберезнянська селищна громада,UA21100030010048161,Великий Березний,48.88985,22.45812,53.4,0
UA21100050000042361,Великодобронська,UA21100000000055073,Ужгородський,UA21000000000011690,Закарпатська,сільська,Великодобронська сільська громада,UA21100050010029116,Велика Добронь,48.4222699,22.3914888,46.7,0
UA21100070000018509,Дубриницько-Малоберезнянська,UA21100000000055073,Ужгородський,UA21000000000011690,Закарпатська,сільська,Дубриницько-Малоберезнянська сільська громада,UA21100070010018229,Дубриничі,48.805729,22.492451,38.9,0
UA21100090000012128,Костринська,UA21100000000055073,Ужгородський,UA21000000000011690,Закарпатська,сільська,Костринська сільська громада,UA21100090010011565,Кострина,48.942177,22.594275,75.9,0
UA21100110000018765,Оноківська,UA21100000000055073,Ужгородський,UA21000000000011690,Закарпатська,сільська,Оноківська сільська громада,UA21100110010025535,Оноківці,48.654358,22.344803,9.2,0
UA21100130000055002,Перечинська,UA21100000000055073,Ужгородський,UA21000000000011690,Закарпатська,міська,Перечинська міська громада,UA21100130010027304,Перечин,48.73707,22.48764,28.6,0
UA21100150000019483,Середнянська,UA21100000000055073,Ужгородський,UA21000000000011690,Закарпатська,селищна,Середнянська селищна громада,UA21100150010051569,Середнє,48.5413858,22.5043823,26.1,0
UA21100170000051803,Ставненська,UA21100000000055073,Ужгородський,UA21000000000011690,Закарпатська,сільська,Ставненська сільська громада,UA21100170010010939,Ставне,48.992908,22.695318,90.2,0
UA21100190000078736,Сюртівська,UA21100000000055073,Ужгородський,UA21000000000011690,Закарпатська,сільська,Сюртівська сільська громада,UA21100190010022481,Сюрте,48.50428,22.228897,22.0,0
UA21100210000026937,Тур’є-Реметівська,UA21100000000055073,Ужгородський,UA21000000000011690,Закарпатська,сільська,Тур’є-Реметівська сільська громада,UA21100210010031664,Тур’ї Ремети,48.71956,22.59613,38.6,0
UA21100230000083101,Ужгородська,UA21100000000055073,Ужгородський,UA21000000000011690,Закарпатська,міська,Ужгородська міська громада,UA21100230010016545,Ужгород,48.6223732,22.3022569,0.0,1
UA21100250000028639,Холмківська,UA21100000000055073,Ужгородський,UA21000000000011690,Закарпатська,сільська,Холмківська сільська громада,UA21100250010068293,Холмок,48.5629932,22.2682457,14.4,0
UA21100270000015047,Чопська,UA21100000000055073,Ужгородський,UA21000000000011690,Закарпатська,міська,Чопська міська громада,UA21100270010071297,Чоп,48.4313665,22.2063694,33.1,0
UA21120010000011654,Білківська,UA21120000000022889,Хустський,UA21000000000011690,Закарпатська,сільська,Білківська сільська громада,UA21120010010048679,Білки,48.32439,23.131029,102.2,0
UA21120030000076462,Вишківська,UA21120000000022889,Хустський,UA21000000000011690,Закарпатська,селищна,Вишківська селищна громада,UA21120030010077683,Вишково,48.0460598,23.4277425,145.3,0
UA21120050000055437,Горінчівська,UA21120000000022889,Хустський,UA21000000000011690,Закарпатська,сільська,Горінчівська сільська громада,UA21120050010081452,Горінчово,48.266369,23.42869,135.7,0
UA21120070000032447,Довжанська,UA21120000000022889,Хустський,UA21000000000011690,Закарпатська,сільська,Довжанська сільська громада,UA21120070010051888,Довге,48.36731,23.28072,117.1,0
UA21120090000025804,Драгівська,UA21120000000022889,Хустський,UA21000000000011690,Закарпатська,сільська,Драгівська сільська громада,UA21120090010044984,Драгово,48.235985,23.548994,162.2,0
UA21120110000065395,Зарічанська,UA21120000000022889,Хустський,UA21000000000011690,Закарпатська,сільська,Зарічанська сільська громада,UA21120110010034965,Заріччя,48.280449,22.99473,83.8,0
UA21120130000025618,Іршавська,UA21120000000022889,Хустський,UA21000000000011690,Закарпатська,міська,Іршавська міська громада,UA21120130010065349,Іршава,48.31924,23.0417599,91.0,0
UA21120150000079563,Керецьківська,UA21120000000022889,Хустський,UA21000000000011690,Закарпатська,сільська,Керецьківська сільська громада,UA21120150010097033,Керецьки,48.481628,23.217199,97.7,0
UA21120170000080579,Колочавська,UA21120000000022889,Хустський,UA21000000000011690,Закарпатська,сільська,Колочавська сільська громада,UA21120170010016797,Колочава,48.426567,23.698563,195.1,0
UA21120190000082169,Міжгірська,UA21120000000022889,Хустський,UA21000000000011690,Закарпатська,селищна,Міжгірська селищна громада,UA21120190010094897,Міжгір’я,48.5281184,23.5009289,160.3,0
UA21120210000094884,Пилипецька,UA21120000000022889,Хустський,UA21000000000011690,Закарпатська,сільська,Пилипецька сільська громада,UA21120210010037873,Пилипець,48.670811,23.341829,130.4,0
UA21120230000041982,Синевирська,UA21120000000022889,Хустський,UA21000000000011690,Закарпатська,сільська,Синевирська сільська громада,UA21120230010059829,Синевир,48.61651805,23.6842894030738,200.8,0
UA21120250000077532,Хустська,UA21120000000022889,Хустський,UA21000000000011690,Закарпатська,міська,Хустська міська громада,UA21120250010053148,Хуст,48.1764917,23.291166,119.8,0
UA23020010000034566,Андрівська,UA23020000000032289,Бердянський,UA23000000000064947,Запорізька,сільська,Андрівська сільська громада,UA23020010010036482,Андрівка,46.8986755,36.625049,201.7,0
UA23020030000059558,Андріївська,UA23020000000032289,Бердянський,UA23000000000064947,Запорізька,селищна,Андріївська селищна громада,UA23020030010042079,Андріївка,47.09392,36.59031,188.8,0
UA23020050000046501,Бердянська,UA23020000000032289,Бердянський,UA23000000000064947,Запорізька,міська,Бердянська міська громада,UA23020050010019935,Бердянськ,46.755678,36.7887623,199.2,0
UA23020070000049788,Берестівська,UA23020000000032289,Бердянський,UA23000000000064947,Запорізька,сільська,Берестівська сільська громада,UA23020070010024860,Берестове,47.1404461,36.8029994,171.6,0
UA23020090000069977,Коларівська,UA23020000000032289,Бердянський,UA23000000000064947,Запорізька,сільська,Коларівська сільська громада,UA23020090010072044,Софіївка,46.904072,36.33041,164.9,0
UA23020110000062653,Осипенківська,UA23020000000032289,Бердянський,UA23000000000064947,Запорізька,сільська,Осипенківська сільська громада,UA23020110010013548,Осипенко,46.91643,36.81999,201.3,0
UA23020130000081044,Приморська,UA23020000000032289,Бердянський,UA23000000000064947,Запорізька,міська,Приморська міська громада,UA23020130010076068,Приморськ,46.7343149,36.3472151,185.6,0
UA23020150000063371,Чернігівська,UA23020000000032289,Бердянський,UA23000000000064947,Запорізька,селищна,Чернігівська селищна громада,UA23020150010043513,Чернігівка,47.19486,36.2075,148.4,0
UA23040010000033945,Благовіщенська,UA23040000000067730,Василівський,UA23000000000064947,Запорізька,сільська,Благовіщенська сільська громада,UA23040010010050707,Благовіщенка,47.461262,34.821815,135.1,0
UA23040030000061166,Василівська,UA23040000000067730,Василівський,UA23000000000064947,Запорізька,міська,Василівська міська громада,UA23040030010016724,Василівка,47.4431859,35.2803026,65.2,0
UA23040050000076136,Великобілозерська,UA23040000000067730,Василівський,UA23000000000064947,Запорізька,сільська,Великобілозерська сільська громада,UA23040050010097416,Велика Білозерка,47.26936,34.684521,148.1,0
UA23040070000097076,Водянська,UA23040000000067730,Василівський,UA23000000000064947,Запорізька,сільська,Водянська сільська громада,UA23040070010033097,Водяне,47.479115,34.517452,151.6,0
UA23040090000031823,Дніпрорудненська,UA23040000000067730,Василівський,UA23000000000064947,Запорізька,міська,Дніпрорудненська міська громада,UA23040090010050034,Дніпрорудне,47.3899205,35.0028481,100.8,0
UA23040110000019947,Енергодарська,UA23040000000067730,Василівський,UA23000000000064947,Запорізька,міська,Енергодарська міська громада,UA23040110010044100,Енергодар,47.4900575,34.6602709,152.9,0
UA23040130000044084,Кам’янсько-Дніпровська,UA23040000000067730,Василівський,UA23000000000064947,Запорізька,міська,Кам’янсько-Дніпровська міська громада,UA23040130010014334,Кам’янка-Дніпровська,47.4900938,34.4109101,162.5,0
UA23040150000063069,Малобілозерська,UA23040000000067730,Василівський,UA23000000000064947,Запорізька,сільська,Малобілозерська сільська громада,UA23040150010072414,Мала Білозерка,47.24419,34.939514,126.2,0
UA23040170000022547,Михайлівська,UA23040000000067730,Василівський,UA23000000000064947,Запорізька,селищна,Михайлівська селищна громада,UA23040170010073574,Михайлівка,47.2686779,35.2182687546317,98.1,0
UA23040190000047410,Роздольська,UA23040000000067730,Василівський,UA23000000000064947,Запорізька,сільська,Роздольська сільська громада,UA23040190010034457,Роздол,47.2817378,35.3955872,85.3,0
UA23040210000019462,Степногірська,UA23040000000067730,Василівський,UA23000000000064947,Запорізька,селищна,Степногірська селищна громада,UA23040210010095541,Степногірськ,47.58694,35.35606,39.4,0
UA23060010000052992,Біленьківська,UA23060000000070350,Запорізький,UA23000000000064947,Запорізька,сільська,Біленьківська сільська громада,UA23060010010065997,Біленьке,47.621609,35.030251,51.1,0
UA23060030000037089,Вільнянська,UA23060000000070350,Запорізький,UA23000000000064947,Запорізька,міська,Вільнянська міська громада,UA23060030010056906,Вільнянськ,47.9433,35.43159,31.5,0
UA23060050000065959,Долинська,UA23060000000070350,Запорізький,UA23000000000064947,Запорізька,сільська,Долинська сільська громада,UA23060050010019157,Долинське,47.788471,34.956089,32.3,0
UA23060070000082704,Запорізька,UA23060000000070350,Запорізький,UA23000000000064947,Запорізька,міська,Запорізька міська громада,UA23060070010069526,Запоріжжя,47.8507859,35.1182867,0.0,1
UA23060090000082326,Комишуваська,UA23060000000070350,Запорізький,UA23000000000064947,Запорізька,селищна,Комишуваська селищна громада,UA23060090010013596,Комишуваха,47.7141975,35.5322725,35.7,0
UA23060110000049870,Кушугумська,UA23060000000070350,Запорізький,UA23000000000064947,Запорізька,селищна,Кушугумська селищна громада,UA23060110010013081,Кушугум,47.71671,35.20981,24.0,0
UA23060130000058533,Матвіївська,UA23060000000070350,Запорізький,UA23000000000064947,Запорізька,сільська,Матвіївська сільська громада,UA23060130010016800,Матвіївка,47.905201,35.301819,23.0,0
UA23060150000085288,Михайлівська,UA23060000000070350,Запорізький,UA23000000000064947,Запорізька,сільська,Михайлівська сільська громада,UA23060150010061768,Михайлівка,47.951923,35.253956,24.8,0
UA23060170000046208,Михайло-Лукашівська,UA23060000000070350,Запорізький,UA23000000000064947,Запорізька,сільська,Михайло-Лукашівська сільська громада,UA23060170010056787,Михайло-Лукашеве,47.958382,35.591595,40.6,0
UA23060190000080843,Новомиколаївська,UA23060000000070350,Запорізький,UA23000000000064947,Запорізька,селищна,Новомиколаївська селищна громада,UA23060190010048202,Новомиколаївка,47.97146,35.89886,62.5,0
UA23060210000064233,Новоолександрівська,UA23060000000070350,Запорізький,UA23000000000064947,Запорізька,сільська,Новоолександрівська сільська громада,UA23060210010059808,Новоолександрівка,47.751041,35.36739,24.9,0
UA23060230000071243,Павлівська,UA23060000000070350,Запорізький,UA23000000000064947,Запорізька,сільська,Павлівська сільська громада,UA23060230010011165,Павлівське,47.946049,35.463181,34.3,0
UA23060250000058722,Петро-Михайлівська,UA23060000000070350,Запорізький,UA23000000000064947,Запорізька,сільська,Петро-Михайлівська сільська громада,UA23060250010080166,Петро-Михайлівка,48.060032,35.229721,40.8,0
UA23060270000087706,Степненська,UA23060000000070350,Запорізький,UA23000000000064947,Запорізька,сільська,Степненська сільська громада,UA23060270010047338,Степне,47.79911,35.305592,23.4,0
UA23060290000024046,Таврійська,UA23060000000070350,Запорізький,UA23000000000064947,Запорізька,сільська,Таврійська сільська громада,UA23060290010040829,Таврійське,47.652512,35.69733,51.3,0
UA23060310000081443,Тернуватська,UA23060000000070350,Запорізький,UA23000000000064947,Запорізька,селищна,Тернуватська селищна громада,UA23060310010075357,Тернувате,47.82932,36.12682,97.0,0
UA23060330000027462,Широківська,UA23060000000070350,Запорізький,UA23000000000064947,Запорізька,сільська,Широківська сільська громада,UA23060330010051301,Широке,47.910351,34.901161,30.4,0
UA23080010000036379,Веселівська,UA23080000000090746,Мелітопольський,UA23000000000064947,Запорізька,селищна,Веселівська селищна громада,UA23080010010060201,Веселе,47.0179164,34.9211323,143.3,0
UA23080030000064349,Кирилівська,UA23080000000090746,Мелітопольський,UA23000000000064947,Запорізька,селищна,Кирилівська селищна громада,UA23080030010040102,Кирилівка,46.3717985,35.3696143,191.8,0
UA23080050000095009,Костянтинівська,UA23080000000090746,Мелітопольський,UA23000000000064947,Запорізька,сільська,Костянтинівська сільська громада,UA23080050010022831,Костянтинівка,46.833878,35.425159,134.1,0
UA23080070000068953,Мелітопольська,UA23080000000090746,Мелітопольський,UA23000000000064947,Запорізька,міська,Мелітопольська міська громада,UA23080070010092407,Мелітополь,46.8467267,35.3827281,127.4,0
UA23080090000051553,Мирненська,UA23080000000090746,Мелітопольський,UA23000000000064947,Запорізька,селищна,Мирненська селищна громада,UA23080090010048868,Мирне,46.9464984,35.4405448,126.3,0
UA23080110000020314,Новенська,UA23080000000090746,Мелітопольський,UA23000000000064947,Запорізька,сільська,Новенська сільська громада,UA23080110010071971,Нове,46.785141,35.28067,140.6,0
UA23080130000083188,Новобогданівська,UA23080000000090746,Мелітопольський,UA23000000000064947,Запорізька,сільська,Новобогданівська сільська громада,UA23080130010046306,Новобогданівка,47.085339,35.328941,104.4,0
UA23080150000073640,Нововасилівська,UA23080000000090746,Мелітопольський,UA23000000000064947,Запорізька,селищна,Нововасилівська селищна громада,UA23080150010023091,Нововасилівка,46.834721,35.749512,171.5,0
UA23080170000033256,Новоуспенівська,UA23080000000090746,Мелітопольський,UA23000000000064947,Запорізька,сільська,Новоуспенівська сільська громада,UA23080170010053908,Новоуспенівка,47.050869,35.034115,131.5,0
UA23080190000065134,Олександрівська,UA23080000000090746,Мелітопольський,UA23000000000064947,Запорізька,сільська,Олександрівська сільська громада,UA23080190010020260,Олександрівка,46.538078,35.483089,190.7,0
UA23080210000060255,Плодородненська,UA23080000000090746,Мелітопольський,UA23000000000064947,Запорізька,сільська,Плодородненська сільська громада,UA23080210010037673,Плодородне,47.166019,35.323101,104.4,0
UA23080230000097340,Приазовська,UA23080000000090746,Мелітопольський,UA23000000000064947,Запорізька,селищна,Приазовська селищна громада,UA23080230010027591,Приазовське,46.73,35.63896,163.9,0
UA23080250000043914,Семенівська,UA23080000000090746,Мелітопольський,UA23000000000064947,Запорізька,сільська,Семенівська сільська громада,UA23080250010033665,Семенівка,46.894451,35.416489,127.4,0
UA23080270000086363,Терпіннівська,UA23080000000090746,Мелітопольський,UA23000000000064947,Запорізька,сільська,Терпіннівська сільська громада,UA23080270010078454,Терпіння,46.975765,35.421688,121.2,0
UA23080290000096336,Чкаловська,UA23080000000090746,Мелітопольський,UA23000000000064947,Запорізька,сільська,Чкаловська сільська громада,UA23080290010083748,Чкалове,47.06955,34.71302,164.0,0
UA23080310000097001,Якимівська,UA23080000000090746,Мелітопольський,UA23000000000064947,Запорізька,селищна,Якимівська селищна громада,UA23080310010091806,Якимівка,46.69636,35.15522,155.3,0
UA23100010000094236,Більмацька,UA23100000000034132,Пологівський,UA23000000000064947,Запорізька,селищна,Більмацька селищна громада,UA23100010010076329,Кам’янка,47.3624,36.65108,134.7,0
UA23100030000016840,Воздвижівська,UA23100000000034132,Пологівський,UA23000000000064947,Запорізька,сільська,Воздвижівська сільська громада,UA23100030010072559,Воздвижівка,47.747269,36.079788,151.1,0
UA23100050000041545,Воскресенська,UA23100000000034132,Пологівський,UA23000000000064947,Запорізька,сільська,Воскресенська сільська громада,UA23100050010024167,Воскресенка,47.474331,36.35342,119.2,0
UA23100070000026535,Гуляйпільська,UA23100000000034132,Пологівський,UA23000000000064947,Запорізька,міська,Гуляйпільська міська громада,UA23100070010036682,Гуляйполе,47.6655382,36.2656849,108.2,0
UA23100090000029171,Комиш-Зорянська,UA23100000000034132,Пологівський,UA23000000000064947,Запорізька,селищна,Комиш-Зорянська селищна громада,UA23100090010074320,Комиш-Зоря,47.32944,36.70292,141.0,0
UA23100110000028240,Малинівська,UA23100000000034132,Пологівський,UA23000000000064947,Запорізька,сільська,Малинівська сільська громада,UA23100110010062193,Малинівка,47.671391,36.476318,139.9,0
UA23100130000058758,Малотокмачанська,UA23100000000034132,Пологівський,UA23000000000064947,Запорізька,сільська,Малотокмачанська сільська громада,UA23100130010093963,Мала Токмачка,47.532688,35.896801,77.6,0
UA23100150000023366,Молочанська,UA23100000000034132,Пологівський,UA23000000000064947,Запорізька,міська,Молочанська міська громада,UA23100150010091297,Молочанськ,47.20653,35.59742,112.9,0
UA23100170000031289,Оріхівська,UA23100000000034132,Пологівський,UA23000000000064947,Запорізька,міська,Оріхівська міська громада,UA23100170010023304,Оріхів,47.5691902,35.7789871,66.0,0
UA23100190000020018,Пологівська,UA23100000000034132,Пологівський,UA23000000000064947,Запорізька,міська,Пологівська міська громада,UA23100190010032690,Пологи,47.4784803,36.2531412,108.2,0
UA23100210000086911,Преображенська,UA23100000000034132,Пологівський,UA23000000000064947,Запорізька,сільська,Преображенська сільська громада,UA23100210010033958,Преображенка,47.583126,35.792824,63.4,0
UA23100230000021603,Розівська,UA23100000000034132,Пологівський,UA23000000000064947,Запорізька,селищна,Розівська селищна громада,UA23100230010016159,Розівка,47.3866992,37.0675861,167.3,0
UA23100250000073490,Смирновська,UA23100000000034132,Пологівський,UA23000000000064947,Запорізька,сільська,Смирновська сільська громада,UA23100250010060449,Смирнове,47.2136817,36.5431264,156.1,0
UA23100270000073418,Токмацька,UA23100000000034132,Пологівський,UA23000000000064947,Запорізька,міська,Токмацька міська громада,UA23100270010029314,Токмак,47.2557432,35.7021159,100.1,0
UA23100290000069212,Федорівська,UA23100000000034132,Пологівський,UA23000000000064947,Запорізька,сільська,Федорівська сільська громада,UA23100290010097828,Федорівка,47.550541,36.54945,147.3,0
UA26020010000096556,Білоберізька,UA26020000000044654,Верховинський,UA26000000000069363,Івано-Франківська,сільська,Білоберізька сільська громада,UA26020010010026414,Білоберізка,48.1469,25.067711,142.9,0
UA26020030000088465,Верховинська,UA26020000000044654,Верховинський,UA26000000000069363,Івано-Франківська,селищна,Верховинська селищна громада,UA26020030010013669,Верховина,48.1538102,24.82793,125.9,0
UA26020050000098694,Зеленська,UA26020000000044654,Верховинський,UA26000000000069363,Івано-Франківська,сільська,Зеленська сільська громада,UA26020050010095007,Зелене,48.052479,24.74876,146.0,0
UA26040010000011271,Більшівцівська,UA26040000000044761,Івано-Франківський,UA26000000000069363,Івано-Франківська,селищна,Більшівцівська селищна громада,UA26040010010073361,Більшівці,49.18373,24.74602,39.7,0
UA26040030000091528,Богородчанська,UA26040000000044761,Івано-Франківський,UA26000000000069363,Івано-Франківська,селищна,Богородчанська селищна громада,UA26040030010017453,Богородчани,48.8092602,24.5456201,22.5,0
UA26040050000080752,Букачівська,UA26040000000044761,Івано-Франківський,UA26000000000069363,Івано-Франківська,селищна,Букачівська селищна громада,UA26040050010057824,Букачівці,49.2620345,24.4962275,66.3,0
UA26040070000065724,Бурштинська,UA26040000000044761,Івано-Франківський,UA26000000000069363,Івано-Франківська,міська,Бурштинська міська громада,UA26040070010092973,Бурштин,49.2516287,24.6341893,45.6,0
UA26040090000025932,Галицька,UA26040000000044761,Івано-Франківський,UA26000000000069363,Івано-Франківська,міська,Галицька міська громада,UA26040090010078723,Галич,49.123317,24.7299495,28.7,0
UA26040110000023512,Дзвиняцька,UA26040000000044761,Івано-Франківський,UA26000000000069363,Івано-Франківська,сільська,Дзвиняцька сільська громада,UA26040110010050991,Дзвиняч,48.743591,24.42226,35.7,0
UA26040130000010870,Дубовецька,UA26040000000044761,Івано-Франківський,UA26000000000069363,Івано-Франківська,сільська,Дубовецька сільська громада,UA26040130010016074,Дубівці,49.085541,24.778629,51.9,0
UA26040150000053322,Єзупільська,UA26040000000044761,Івано-Франківський,UA26000000000069363,Івано-Франківська,селищна,Єзупільська селищна громада,UA26040150010063512,Єзупіль,49.0416938,24.7802375,22.9,0
UA26040170000097347,Загвіздянська,UA26040000000044761,Івано-Франківський,UA26000000000069363,Івано-Франківська,сільська,Загвіздянська сільська громада,UA26040170010079109,Загвіздя,48.92363,24.665743,11.1,0
UA26040190000081578,Івано-Франківська,UA26040000000044761,Івано-Франківський,UA26000000000069363,Івано-Франківська,міська,Івано-Франківська міська громада,UA26040190010045761,Івано-Франківськ,48.9225224,24.7103188,0.0,1
UA26040210000094444,Лисецька,UA26040000000044761,Івано-Франківський,UA26000000000069363,Івано-Франківська,селищна,Лисецька селищна громада,UA26040210010040017,Лисець,48.87028,24.61075,13.4,0
UA26040230000035526,Обертинська,UA26040000000044761,Івано-Франківський,UA26000000000069363,Івано-Франківська,селищна,Обертинська селищна громада,UA26040230010079989,Обертин,48.6983959,25.1712272,63.2,0
UA26040250000061081,Олешанська,UA26040000000044761,Івано-Франківський,UA26000000000069363,Івано-Франківська,сільська,Олешанська сільська громада,UA26040250010059660,Олеша,48.834229,25.13191,49.0,0
UA26040270000047749,Рогатинська,UA26040000000044761,Івано-Франківський,UA26000000000069363,Івано-Франківська,міська,Рогатинська міська громада,UA26040270010067876,Рогатин,49.4092703,24.6105811,71.9,0
UA26040290000025886,Солотвинська,UA26040000000044761,Івано-Франківський,UA26000000000069363,Івано-Франківська,селищна,Солотвинська селищна громада,UA26040290010040509,Солотвин,48.7054933,24.4235647,43.1,0
UA26040310000066064,Старобогородчанська,UA26040000000044761,Івано-Франківський,UA26000000000069363,Івано-Франківська,сільська,Старобогородчанська сільська громада,UA26040310010020838,Старі Богородчани,48.829906,24.5278225,27.9,0
UA26040330000019235,Тисменицька,UA26040000000044761,Івано-Франківський,UA26000000000069363,Івано-Франківська,міська,Тисменицька міська громада,UA26040330010091232,Тисмениця,48.9018102,24.8484719,16.0,0
UA26040350000024417,Тлумацька,UA26040000000044761,Івано-Франківський,UA26000000000069363,Івано-Франківська,міська,Тлумацька міська громада,UA26040350010070754,Тлумач,48.8665866,25.0011978,33.0,0
UA26040370000057019,Угринівська,UA26040000000044761,Івано-Франківський,UA26000000000069363,Івано-Франківська,сільська,Угринівська сільська громада,UA26040370010026626,Угринів,48.959202,24.68594,8.8,0
UA26040390000023006,Ямницька,UA26040000000044761,Івано-Франківський,UA26000000000069363,Івано-Франківська,сільська,Ямницька сільська громада,UA26040390010046852,Ямниця,48.990276,24.708786,10.6,0
UA26060010000037638,Болехівська,UA26060000000042554,Калуський,UA26000000000069363,Івано-Франківська,міська,Болехівська міська громада,UA26060010010092713,Болехів,49.0663203,23.8598949,90.2,0
UA26060030000011364,Брошнів-Осадська,UA26060000000042554,Калуський,UA26000000000069363,Івано-Франківська,селищна,Брошнів-Осадська селищна громада,UA26060030010070530,Брошнів-Осада,48.9958991,24.1858656,53.1,0
UA26060050000042523,Верхнянська,UA26060000000042554,Калуський,UA26000000000069363,Івано-Франківська,сільська,Верхнянська сільська громада,UA26060050010082967,Верхня,49.097856,24.3006429,54.0,0
UA26060070000011203,Вигодська,UA26060000000042554,Калуський,UA26000000000069363,Івано-Франківська,селищна,Вигодська селищна громада,UA26060070010096884,Вигода,48.9349502,23.9126266,79.6,0
UA26060090000054411,Витвицька,UA26060000000042554,Калуський,UA26000000000069363,Івано-Франківська,сільська,Витвицька сільська громада,UA26060090010056758,Витвиця,48.99128,23.85424,93.3,0
UA26060110000025739,Войнилівська,UA26060000000042554,Калуський,UA26000000000069363,Івано-Франківська,селищна,Войнилівська селищна громада,UA26060110010011082,Войнилів,49.1303725,24.4995375,44.9,0
UA26060130000047466,Долинська,UA26060000000042554,Калуський,UA26000000000069363,Івано-Франківська,міська,Долинська міська громада,UA26060130010099427,Долина,48.9782308,23.9789588,73.4,0
UA26060150000074921,Дубівська,UA26060000000042554,Калуський,UA26000000000069363,Івано-Франківська,сільська,Дубівська сільська громада,UA26060150010040584,Дуба,48.848362,24.160015,89.8,0
UA26060170000091466,Калуська,UA26060000000042554,Калуський,UA26000000000069363,Івано-Франківська,міська,Калуська міська громада,UA26060170010082672,Калуш,49.028894,24.3613198,37.8,0
UA26060190000099075,Новицька,UA26060000000042554,Калуський,UA26000000000069363,Івано-Франківська,сільська,Новицька сільська громада,UA26060190010048474,Новиця,48.954788,24.334322,48.5,0
UA26060210000091421,Перегінська,UA26060000000042554,Калуський,UA26000000000069363,Івано-Франківська,селищна,Перегінська селищна громада,UA26060210010093770,Перегінське,48.8115525,24.1938558,68.5,0
UA26060230000053464,Рожнятівська,UA26060000000042554,Калуський,UA26000000000069363,Івано-Франківська,селищна,Рожнятівська селищна громада,UA26060230010077999,Рожнятів,48.9402225,24.1580976,65.8,0
UA26060250000064599,Спаська,UA26060000000042554,Калуський,UA26000000000069363,Івано-Франківська,сільська,Спаська сільська громада,UA26060250010062648,Спас,48.8888154,24.0625108,83.0,0
UA26080010000036750,Гвіздецька,UA26080000000050130,Коломийський,UA26000000000069363,Івано-Франківська,селищна,Гвіздецька селищна громада,UA26080010010051392,Гвіздець,48.5787681,25.281836,87.4,0
UA26080030000014307,Городенківська,UA26080000000050130,Коломийський,UA26000000000069363,Івано-Франківська,міська,Городенківська міська громада,UA26080030010035324,Городенка,48.6720598,25.4952722,80.4,0
UA26080050000081474,Заболотівська,UA26080000000050130,Коломийський,UA26000000000069363,Івано-Франківська,селищна,Заболотівська селищна громада,UA26080050010076735,Заболотів,48.466829,25.2830554,96.9,0
UA26080070000092582,Коломийська,UA26080000000050130,Коломийський,UA26000000000069363,Івано-Франківська,міська,Коломийська міська громада,UA26080070010075786,Коломия,48.5259211,25.0380538,73.4,0
UA26080090000095729,Коршівська,UA26080000000050130,Коломийський,UA26000000000069363,Івано-Франківська,сільська,Коршівська сільська громада,UA26080090010022407,Коршів,48.66016,25.018961,62.1,0
UA26080110000076323,Матеївецька,UA26080000000050130,Коломийський,UA26000000000069363,Івано-Франківська,сільська,Матеївецька сільська громада,UA26080110010076796,Матеївці,48.503502,25.1644023,83.2,0
UA26080130000058024,Нижньовербізька,UA26080000000050130,Коломийський,UA26000000000069363,Івано-Франківська,сільська,Нижньовербізька сільська громада,UA26080130010088004,Нижній Вербіж,48.508106,25.00415,76.7,0
UA26080150000032640,Отинійська,UA26080000000050130,Коломийський,UA26000000000069363,Івано-Франківська,селищна,Отинійська селищна громада,UA26080150010078091,Отинія,48.7344514,24.8637681,37.5,0
UA26080170000041182,Печеніжинська,UA26080000000050130,Коломийський,UA26000000000069363,Івано-Франківська,селищна,Печеніжинська селищна громада,UA26080170010019353,Печеніжин,48.5132253,24.8803552,88.9,0
UA26080190000080618,Підгайчиківська,UA26080000000050130,Коломийський,UA26000000000069363,Івано-Франківська,сільська,Підгайчиківська сільська громада,UA26080190010095401,Підгайчики,48.562679,25.178782,79.2,0
UA26080210000049380,П’ядицька,UA26080000000050130,Коломийський,UA26000000000069363,Івано-Франківська,сільська,П’ядицька сільська громада,UA26080210010097385,П’ядики,48.5618431,25.0677583,71.1,0
UA26080230000035462,Снятинська,UA26080000000050130,Коломийський,UA26000000000069363,Івано-Франківська,міська,Снятинська міська громада,UA26080230010020173,Снятин,48.4523142,25.5518046,114.0,0
UA26080250000056546,Чернелицька,UA26080000000050130,Коломийський,UA26000000000069363,Івано-Франківська,селищна,Чернелицька селищна громада,UA26080250010021531,Чернелиця,48.8128655,25.4257481,92.4,0
UA26100010000076570,Косівська,UA26100000000092255,Косівський,UA26000000000069363,Івано-Франківська,міська,Косівська міська громада,UA26100010010026473,Косів,48.315802,25.0983417,112.5,0
UA26100030000012148,Космацька,UA26100000000092255,Косівський,UA26000000000069363,Івано-Франківська,сільська,Космацька сільська громада,UA26100030010017376,Космач,48.3307391,24.8143791,116.7,0
UA26100050000019570,Кутська,UA26100000000092255,Косівський,UA26000000000069363,Івано-Франківська,селищна,Кутська селищна громада,UA26100050010044811,Кути,48.26268,25.18187,118.1,0
UA26100070000078132,Рожнівська,UA26100000000092255,Косівський,UA26000000000069363,Івано-Франківська,сільська,Рожнівська сільська громада,UA26100070010048614,Рожнів,48.3648867,25.2285814,114.9,0
UA26100090000038366,Яблунівська,UA26100000000092255,Косівський,UA26000000000069363,Івано-Франківська,селищна,Яблунівська селищна громада,UA26100090010053589,Яблунів,48.405278,24.941667,91.2,0
UA26120010000096774,Ворохтянська,UA26120000000036058,Надвірнянський,UA26000000000069363,Івано-Франківська,селищна,Ворохтянська селищна громада,UA26120010010061176,Ворохта,48.2929828,24.5635786,95.7,0
UA26120030000018265,Делятинська,UA26120000000036058,Надвірнянський,UA26000000000069363,Івано-Франківська,селищна,Делятинська селищна громада,UA26120030010073051,Делятин,48.5277174,24.6286388,55.8,0
UA26120050000087602,Ланчинська,UA26120000000036058,Надвірнянський,UA26000000000069363,Івано-Франківська,селищна,Ланчинська селищна громада,UA26120050010094018,Ланчин,48.5554737,24.7523396,70.2,0
UA26120070000067596,Надвірнянська,UA26120000000036058,Надвірнянський,UA26000000000069363,Івано-Франківська,міська,Надвірнянська міська громада,UA26120070010010041,Надвірна,48.6335887,24.5684038,43.0,0
UA26120090000072057,Пасічнянська,UA26120000000036058,Надвірнянський,UA26000000000069363,Івано-Франківська,сільська,Пасічнянська сільська громада,UA26120090010040908,Пасічна,48.574501,24.445093,60.4,0
UA26120110000086381,Переріслянська,UA26120000000036058,Надвірнянський,UA26000000000069363,Івано-Франківська,сільська,Переріслянська сільська громада,UA26120110010080266,Перерісль,48.6970086,24.6362192,35.3,0
UA26120130000088448,Поляницька,UA26120000000036058,Надвірнянський,UA26000000000069363,Івано-Франківська,сільська,Поляницька сільська громада,UA26120130010038414,Поляниця,48.347744,24.4400596,105.7,0
UA26120150000021671,Яремчанська,UA26120000000036058,Надвірнянський,UA26000000000069363,Івано-Франківська,міська,Яремчанська міська громада,UA26120150010047425,Яремче,48.4504129,24.550955,68.6,0
UA32020010000093088,Білоцерківська,UA32020000000057002,Білоцерківський,UA32000000000030281,Київська,міська,Білоцерківська міська громада,UA32020010010081183,Біла Церква,49.7969703,30.1158069,86.6,0
UA32020030000029575,Володарська,UA32020000000057002,Білоцерківський,UA32000000000030281,Київська,селищна,Володарська селищна громада,UA32020030010057420,Володарка,49.5224979,29.9280475,117.6,0
UA32020050000062595,Гребінківська,UA32020000000057002,Білоцерківський,UA32000000000030281,Київська,селищна,Гребінківська селищна громада,UA32020050010040768,Гребінки,49.95346,30.1763499,73.3,0
UA32020070000027895,Ковалівська,UA32020000000057002,Білоцерківський,UA32000000000030281,Київська,сільська,Ковалівська сільська громада,UA32020070010024145,Ковалівка,49.98402,30.007441,91.9,0
UA32020090000022264,Маловільшанська,UA32020000000057002,Білоцерківський,UA32000000000030281,Київська,сільська,Маловільшанська сільська громада,UA32020090010014722,Мала Вільшанка,49.694134,30.082663,97.0,0
UA32020110000085875,Медвинська,UA32020000000057002,Білоцерківський,UA32000000000030281,Київська,сільська,Медвинська сільська громада,UA32020110010046262,Медвин,49.385948,30.7806,147.2,0
UA32020130000010013,Рокитнянська,UA32020000000057002,Білоцерківський,UA32000000000030281,Київська,селищна,Рокитнянська селищна громада,UA32020130010021032,Рокитне,49.6867282,30.473034,116.1,0
UA32020150000040878,Сквирська,UA32020000000057002,Білоцерківський,UA32000000000030281,Київська,міська,Сквирська міська громада,UA32020150010094707,Сквира,49.7337685,29.6624138,137.0,0
UA32020170000020698,Ставищенська,UA32020000000057002,Білоцерківський,UA32000000000030281,Київська,селищна,Ставищенська селищна громада,UA32020170010055237,Ставище,49.3897213,30.1921389,120.4,0
UA32020190000084133,Таращанська,UA32020000000057002,Білоцерківський,UA32000000000030281,Київська,міська,Таращанська міська громада,UA32020190010060417,Тараща,49.555498,30.5023421,116.9,0
UA32020210000064694,Тетіївська,UA32020000000057002,Білоцерківський,UA32000000000030281,Київська,міська,Тетіївська міська громада,UA32020210010016577,Тетіїв,49.3686166,29.6771098,147.6,0
UA32020230000012716,Узинська,UA32020000000057002,Білоцерківський,UA32000000000030281,Київська,міська,Узинська міська громада,UA32020230010055093,Узин,49.8284745,30.4197205,98.6,0
UA32020250000099079,Фурсівська,UA32020000000057002,Білоцерківський,UA32000000000030281,Київська,сільська,Фурсівська сільська громада,UA32020250010098600,Фурси,49.797401,30.000383,99.0,0
UA32040010000010116,Бориспільська,UA32040000000054694,Бориспільський,UA32000000000030281,Київська,міська,Бориспільська міська громада,UA32040010010093209,Бориспіль,50.3512101,30.95077,30.5,0
UA32040030000083910,Вороньківська,UA32040000000054694,Бориспільський,UA32000000000030281,Київська,сільська,Вороньківська сільська громада,UA32040030010050795,Вороньків,50.222279,30.90111,53.3,0
UA32040050000077950,Гірська,UA32040000000054694,Бориспільський,UA32000000000030281,Київська,сільська,Гірська сільська громада,UA32040050010053182,Гора,50.374039,30.86204,24.0,0
UA32040070000056247,Дівичківська,UA32040000000054694,Бориспільський,UA32000000000030281,Київська,сільська,Дівичківська сільська громада,UA32040070010043245,Дівички,50.08548,31.28166,68.3,0
UA32040090000083028,Золочівська,UA32040000000054694,Бориспільський,UA32000000000030281,Київська,сільська,Золочівська сільська громада,UA32040090010032835,Гнідин,50.328709,30.705759,31.7,0
UA32040110000047477,Переяславська,UA32040000000054694,Бориспільський,UA32000000000030281,Київська,міська,Переяславська міська громада,UA32040110010043320,Переяслав,50.0643984,31.4447327,76.5,0
UA32040130000049927,Пристолична,UA32040000000054694,Бориспільський,UA32000000000030281,Київська,сільська,Пристолична сільська громада,UA32040130010022833,Щасливе,50.378151,30.79125,23.2,0
UA32040150000073245,Студениківська,UA32040000000054694,Бориспільський,UA32000000000030281,Київська,сільська,Студениківська сільська громада,UA32040150010073174,Студеники,50.2026673,31.6137276,77.2,0
UA32040170000034173,Ташанська,UA32040000000054694,Бориспільський,UA32000000000030281,Київська,сільська,Ташанська сільська громада,UA32040170010023865,Ташань,50.0474861,31.8452576,102.9,0
UA32040190000043384,Циблівська,UA32040000000054694,Бориспільський,UA32000000000030281,Київська,сільська,Циблівська сільська громада,UA32040190010047981,Циблі,49.993633,31.569056,88.7,0
UA32040210000086086,Яготинська,UA32040000000054694,Бориспільський,UA32000000000030281,Київська,міська,Яготинська міська громада,UA32040210010094429,Яготин,50.2758913,31.7634861,92.0,0
UA32060010000086043,Баришівська,UA32060000000012455,Броварський,UA32000000000030281,Київська,селищна,Баришівська селищна громада,UA32060010010055198,Баришівка,50.3645295,31.3256722,60.0,0
UA32060030000048241,Березанська,UA32060000000012455,Броварський,UA32000000000030281,Київська,міська,Березанська міська громада,UA32060030010087257,Березань,50.3132713,31.4689158,67.3,0
UA32060050000030591,Броварська,UA32060000000012455,Броварський,UA32000000000030281,Київська,міська,Броварська міська громада,UA32060050010081797,Бровари,50.5111168,30.7900482,21.5,0
UA32060070000092009,Великодимерська,UA32060000000012455,Броварський,UA32000000000030281,Київська,селищна,Великодимерська селищна громада,UA32060070010067563,Велика Димерка,50.5913563,30.9016229,40.6,0
UA32060090000096236,Зазимська,UA32060000000012455,Броварський,UA32000000000030281,Київська,сільська,Зазимська сільська громада,UA32060090010046220,Зазим’я,50.5667713,30.6791472,28.7,0
UA32060110000050416,Згурівська,UA32060000000012455,Броварський,UA32000000000030281,Київська,селищна,Згурівська селищна громада,UA32060110010087428,Згурівка,50.4950666,31.7691817,93.9,0
UA32060130000095223,Калинівська,UA32060000000012455,Броварський,UA32000000000030281,Київська,селищна,Калинівська селищна громада,UA32060130010033581,Калинівка,50.5637731,30.8228756,28.1,0
UA32060150000031409,Калитянська,UA32060000000012455,Броварський,UA32000000000030281,Київська,селищна,Калитянська селищна громада,UA32060150010098317,Калита,50.7498578,31.0249121,61.9,0
UA32080010000060215,Білогородська,UA32080000000084076,Бучанський,UA32000000000030281,Київська,сільська,Білогородська сільська громада,UA32080010010043861,Білогородка,50.390171,30.22785,49.9,0
UA32080030000070006,Бородянська,UA32080000000084076,Бучанський,UA32000000000030281,Київська,селищна,Бородянська селищна громада,UA32080030010080493,Бородянка,50.6437677,29.9278296,77.4,0
UA32080050000052660,Борщагівська,UA32080000000084076,Бучанський,UA32000000000030281,Київська,сільська,Борщагівська сільська громада,UA32080050010035667,Петропавлівська Борщагівка,50.437199,30.345961,40.6,0
UA32080070000050759,Бучанська,UA32080000000084076,Бучанський,UA32000000000030281,Київська,міська,Бучанська міська громада,UA32080070010087821,Буча,50.5503127,30.2106925,53.1,0
UA32080090000011038,Вишнева,UA32080000000084076,Бучанський,UA32000000000030281,Київська,міська,Вишнева міська громада,UA32080090010037585,Вишневе,50.3917497,30.3678999,36.6,0
UA32080110000056605,Гостомельська,UA32080000000084076,Бучанський,UA32000000000030281,Київська,селищна,Гостомельська селищна громада,UA32080110010033149,Гостомель,50.58826,30.25909,51.0,0
UA32080130000056481,Дмитрівська,UA32080000000084076,Бучанський,UA32000000000030281,Київська,сільська,Дмитрівська сільська громада,UA32080130010050367,Дмитрівка,50.4605965,30.1757337,52.8,0
UA32080150000035443,Ірпінська,UA32080000000084076,Бучанський,UA32000000000030281,Київська,міська,Ірпінська міська громада,UA32080150010049888,Ірпінь,50.5206777,30.2448725,51.8,0
UA32080170000086616,Коцюбинська,UA32080000000084076,Бучанський,UA32000000000030281,Київська,селищна,Коцюбинська селищна громада,UA32080170010013153,Коцюбинське,50.4904717,30.3337903,41.8,0
UA32080190000081428,Макарівська,UA32080000000084076,Бучанський,UA32000000000030281,Київська,селищна,Макарівська селищна громада,UA32080190010023112,Макарів,50.4639897,29.8068986,78.7,0
UA32080210000074136,Немішаївська,UA32080000000084076,Бучанський,UA32000000000030281,Київська,селищна,Немішаївська селищна громада,UA32080210010080513,Немішаєве,50.56801,30.1015029,61.1,0
UA32080230000026180,Пісківська,UA32080000000084076,Бучанський,UA32000000000030281,Київська,селищна,Пісківська селищна громада,UA32080230010086797,Пісківка,50.6968561,29.5931036,105.1,0
UA32100010000094393,Вишгородська,UA32100000000065867,Вишгородський,UA32000000000030281,Київська,міська,Вишгородська міська громада,UA32100010010059200,Вишгород,50.5824332,30.485121,37.3,0
UA32100030000066252,Димерська,UA32100000000065867,Вишгородський,UA32000000000030281,Київська,селищна,Димерська селищна громада,UA32100030010047254,Димер,50.7835487,30.3078042,67.5,0
UA32100050000082904,Іванківська,UA32100000000065867,Вишгородський,UA32000000000030281,Київська,селищна,Іванківська селищна громада,UA32100050010050212,Іванків,50.93301,29.9042867,108.5,0
UA32100070000076283,Петрівська,UA32100000000065867,Вишгородський,UA32000000000030281,Київська,сільська,Петрівська сільська громада,UA32100070010044762,Нові Петрівці,50.6219956,30.444609,40.0,0
UA32100090000060111,Пірнівська,UA32100000000065867,Вишгородський,UA32000000000030281,Київська,сільська,Пірнівська сільська громада,UA32100090010043759,Пірнове,50.752785,30.668587,63.9,0
UA32100110000030685,Поліська,UA32100000000065867,Вишгородський,UA32000000000030281,Київська,селищна,Поліська селищна громада,UA32100110010034519,Красятичі,51.0782874,29.6377868,133.8,0
UA32100130000093505,Славутицька,UA32100000000065867,Вишгородський,UA32000000000030281,Київська,міська,Славутицька міська громада,UA32100130010084793,Славутич,51.5201397,30.7562301,183.2,0
UA32120010000062762,Богуславська,UA32120000000081110,Обухівський,UA32000000000030281,Київська,міська,Богуславська міська громада,UA32120010010027554,Богуслав,49.54765,30.8733,133.9,0
UA32120030000030458,Васильківська,UA32120000000081110,Обухівський,UA32000000000030281,Київська,міська,Васильківська міська громада,UA32120030010069648,Васильків,50.17387,30.32158,54.5,0
UA32120050000067577,Кагарлицька,UA32120000000081110,Обухівський,UA32000000000030281,Київська,міська,Кагарлицька міська громада,UA32120050010091788,Кагарлик,49.8650658,30.8226786,82.7,0
UA32120070000050717,Козинська,UA32120000000081110,Обухівський,UA32000000000030281,Київська,селищна,Козинська селищна громада,UA32120070010077944,Козин,50.228951,30.647875,40.6,0
UA32120090000034281,Миронівська,UA32120000000081110,Обухівський,UA32000000000030281,Київська,міська,Миронівська міська громада,UA32120090010020161,Миронівка,49.6583412,30.9824887,116.8,0
UA32120110000025177,Обухівська,UA32120000000081110,Обухівський,UA32000000000030281,Київська,міська,Обухівська міська громада,UA32120110010071582,Обухів,50.1101633,30.6269696,51.2,0
UA32120130000012946,Ржищівська,UA32120000000081110,Обухівський,UA32000000000030281,Київська,міська,Ржищівська міська громада,UA32120130010035405,Ржищів,49.96822,31.04118,86.8,0
UA32120150000062718,Українська,UA32120000000081110,Обухівський,UA32000000000030281,Київська,міська,Українська міська громада,UA32120150010043175,Українка,50.1537167,30.7420742,54.0,0
UA32120170000094084,Феодосіївська,UA32120000000081110,Обухівський,UA32000000000030281,Київська,сільська,Феодосіївська сільська громада,UA32120170010087604,Ходосівка,50.272751,30.522079,35.2,0
UA32140010000049369,Бишівська,UA32140000000020217,Фастівський,UA32000000000030281,Київська,сільська,Бишівська сільська громада,UA32140010010087323,Бишів,50.266571,29.88693,80.5,0
UA32140030000074165,Боярська,UA32140000000020217,Фастівський,UA32000000000030281,Київська,міська,Боярська міська громада,UA32140030010045925,Боярка,50.3356709,30.2847595,49.4,0
UA32140050000046018,Гатненська,UA32140000000020217,Фастівський,UA32000000000030281,Київська,сільська,Гатненська сільська громада,UA32140050010021659,Гатне,50.358547,30.396284,34.2,0
UA32140070000012102,Глевахівська,UA32140000000020217,Фастівський,UA32000000000030281,Київська,селищна,Глевахівська селищна громада,UA32140070010070369,Глеваха,50.259673,30.3059171,48.3,0
UA32140090000085800,Калинівська,UA32140000000020217,Фастівський,UA32000000000030281,Київська,селищна,Калинівська селищна громада,UA32140090010093169,Калинівка,50.2257254,30.2261781,52.5,0
UA32140110000089620,Кожанська,UA32140000000020217,Фастівський,UA32000000000030281,Київська,селищна,Кожанська селищна громада,UA32140110010028813,Кожанка,49.9711841,29.75373922348,113.4,0
UA32140130000030648,Томашівська,UA32140000000020217,Фастівський,UA32000000000030281,Київська,сільська,Томашівська сільська громада,UA32140130010098461,Томашівка,50.18726,29.80797,100.1,0
UA32140150000040954,Фастівська,UA32140000000020217,Фастівський,UA32000000000030281,Київська,міська,Фастівська міська громада,UA32140150010091295,Фастів,50.0799307,29.9162821,90.1,0
UA32140170000038368,Чабанівська,UA32140000000020217,Фастівський,UA32000000000030281,Київська,селищна,Чабанівська селищна громада,UA32140170010072394,Чабани,50.341434,30.427101,31.7,0
UA35020010000028961,Благовіщенська,UA35020000000074289,Голованівський,UA35000000000016081,Кіровоградська,міська,Благовіщенська міська громада,UA35020010010060566,Благовіщенське,48.327711,30.2344886,180.0,0
UA35020030000022644,Вільшанська,UA35020000000074289,Голованівський,UA35000000000016081,Кіровоградська,селищна,Вільшанська селищна громада,UA35020030010064780,Вільшанка,48.235415,30.8745445,138.4,0
UA35020050000014205,Гайворонська,UA35020000000074289,Голованівський,UA35000000000016081,Кіровоградська,міська,Гайворонська міська громада,UA35020050010071459,Гайворон,48.3366182,29.8677468,207.8,0
UA35020070000018243,Голованівська,UA35020000000074289,Голованівський,UA35000000000016081,Кіровоградська,селищна,Голованівська селищна громада,UA35020070010065136,Голованівськ,48.3830239,30.4655894,162.8,0
UA35020090000039429,Заваллівська,UA35020000000074289,Голованівський,UA35000000000016081,Кіровоградська,селищна,Заваллівська селищна громада,UA35020090010015781,Завалля,48.2082486,30.0137333,216.7,0
UA35020110000013511,Надлацька,UA35020000000074289,Голованівський,UA35000000000016081,Кіровоградська,сільська,Надлацька сільська громада,UA35020110010081184,Надлак,48.7330559,31.1271498,107.8,0
UA35020130000045875,Новоархангельська,UA35020000000074289,Голованівський,UA35000000000016081,Кіровоградська,селищна,Новоархангельська селищна громада,UA35020130010010491,Новоархангельськ,48.6644983,30.8048464,112.2,0
UA35020150000027557,Перегонівська,UA35020000000074289,Голованівський,UA35000000000016081,Кіровоградська,сільська,Перегонівська сільська громада,UA35020150010014511,Перегонівка,48.5350601,30.5208753,139.1,0
UA35020170000076448,Підвисоцька,UA35020000000074289,Голованівський,UA35000000000016081,Кіровоградська,сільська,Підвисоцька сільська громада,UA35020170010014515,Підвисоке,48.583656,30.676588,126.8,0
UA35020190000025203,Побузька,UA35020000000074289,Голованівський,UA35000000000016081,Кіровоградська,селищна,Побузька селищна громада,UA35020190010041166,Побузьке,48.1632356,30.5949322,177.7,0
UA35040010000022631,Аджамська,UA35040000000034705,Кропивницький,UA35000000000016081,Кіровоградська,сільська,Аджамська сільська громада,UA35040010010031697,Аджамка,48.550907,32.52924,35.4,0
UA35040030000074104,Бобринецька,UA35040000000034705,Кропивницький,UA35000000000016081,Кіровоградська,міська,Бобринецька міська громада,UA35040030010012943,Бобринець,48.05729,32.15938,48.4,0
UA35040050000013889,Великосеверинівська,UA35040000000034705,Кропивницький,UA35000000000016081,Кіровоградська,сільська,Великосеверинівська сільська громада,UA35040050010097904,Велика Северинка,48.61031,32.228249,15.0,0
UA35040070000034432,Гурівська,UA35040000000034705,Кропивницький,UA35000000000016081,Кіровоградська,сільська,Гурівська сільська громада,UA35040070010077848,Гурівка,48.0984525,33.0997636,79.7,0
UA35040090000082553,Дмитрівська,UA35040000000034705,Кропивницький,UA35000000000016081,Кіровоградська,сільська,Дмитрівська сільська громада,UA35040090010099441,Дмитрівка,48.781361,32.715912,66.2,0
UA35040110000055821,Долинська,UA35040000000034705,Кропивницький,UA35000000000016081,Кіровоградська,міська,Долинська міська громада,UA35040110010034377,Долинська,48.1164313,32.7638204,78.3,0
UA35040130000021732,Знам’янська,UA35040000000034705,Кропивницький,UA35000000000016081,Кіровоградська,міська,Знам’янська міська громада,UA35040130010097956,Знам’янка,48.7199609,32.6659476,57.9,0
UA35040150000097644,Катеринівська,UA35040000000034705,Кропивницький,UA35000000000016081,Кіровоградська,сільська,Катеринівська сільська громада,UA35040150010022282,Катеринівка,48.563087,32.098663,24.9,0
UA35040170000065192,Кетрисанівська,UA35040000000034705,Кропивницький,UA35000000000016081,Кіровоградська,сільська,Кетрисанівська сільська громада,UA35040170010087927,Кетрисанівка,47.90897,32.172771,65.4,0
UA35040190000012514,Компаніївська,UA35040000000034705,Кропивницький,UA35000000000016081,Кіровоградська,селищна,Компаніївська селищна громада,UA35040190010033573,Компаніївка,48.2497235,32.2043672,30.4,0
UA35040210000014072,Кропивницька,UA35040000000034705,Кропивницький,UA35000000000016081,Кіровоградська,міська,Кропивницька міська громада,UA35040210010019355,Кропивницький,48.5105805,32.2656283,0.0,1
UA35040230000015609,Новгородківська,UA35040000000034705,Кропивницький,UA35000000000016081,Кіровоградська,селищна,Новгородківська селищна громада,UA35040230010012861,Новгородка,48.3658045,32.6572986,36.9,0
UA35040250000048915,Олександрівська,UA35040000000034705,Кропивницький,UA35000000000016081,Кіровоградська,селищна,Олександрівська селищна громада,UA35040250010018304,Олександрівка,48.9656487,32.2383382,51.5,0
UA35040270000084621,Первозванівська,UA35040000000034705,Кропивницький,UA35000000000016081,Кіровоградська,сільська,Первозванівська сільська громада,UA35040270010043668,Первозванівка,48.445049,32.306721,13.8,0
UA35040290000046019,Соколівська,UA35040000000034705,Кропивницький,UA35000000000016081,Кіровоградська,сільська,Соколівська сільська громада,UA35040290010080227,Соколівське,48.473549,32.192291,11.8,0
UA35040310000035890,Суботцівська,UA35040000000034705,Кропивницький,UA35000000000016081,Кіровоградська,сільська,Суботцівська сільська громада,UA35040310010053624,Суботці,48.6527798,32.5156646,27.5,0
UA35040330000014430,Устинівська,UA35040000000034705,Кропивницький,UA35000000000016081,Кіровоградська,селищна,Устинівська селищна громада,UA35040330010019383,Устинівка,47.9576049,32.5361354,89.1,0
UA35060010000018331,Ганнівська,UA35060000000086172,Новоукраїнський,UA35000000000016081,Кіровоградська,сільська,Ганнівська сільська громада,UA35060010010023838,Ганнівка,48.196823,31.896624,78.2,0
UA35060030000099117,Глодоська,UA35060000000086172,Новоукраїнський,UA35000000000016081,Кіровоградська,сільська,Глодоська сільська громада,UA35060030010020947,Глодоси,48.45417,31.32271,98.7,0
UA35060050000025668,Добровеличківська,UA35060000000086172,Новоукраїнський,UA35000000000016081,Кіровоградська,селищна,Добровеличківська селищна громада,UA35060050010069539,Добровеличківка,48.38791,31.17748,103.2,0
UA35060070000071148,Злинська,UA35060000000086172,Новоукраїнський,UA35000000000016081,Кіровоградська,сільська,Злинська сільська громада,UA35060070010044854,Злинка,48.479229,31.54278,67.0,0
UA35060090000091976,Маловисківська,UA35060000000086172,Новоукраїнський,UA35000000000016081,Кіровоградська,міська,Маловисківська міська громада,UA35060090010061989,Мала Виска,48.6404935,31.634205,58.7,0
UA35060110000056063,Мар’янівська,UA35060000000086172,Новоукраїнський,UA35000000000016081,Кіровоградська,сільська,Мар’янівська сільська громада,UA35060110010026105,Велика Виска,48.566271,31.855744,35.0,0
UA35060130000087718,Новомиргородська,UA35060000000086172,Новоукраїнський,UA35000000000016081,Кіровоградська,міська,Новомиргородська міська громада,UA35060130010042714,Новомиргород,48.7969701,31.6523837,71.0,0
UA35060150000073710,Новоукраїнська,UA35060000000086172,Новоукраїнський,UA35000000000016081,Кіровоградська,міська,Новоукраїнська міська громада,UA35060150010035817,Новоукраїнка,48.3250616,31.522047,66.6,0
UA35060170000071056,Піщанобрідська,UA35060000000086172,Новоукраїнський,UA35000000000016081,Кіровоградська,сільська,Піщанобрідська сільська громада,UA35060170010049604,Піщаний Брід,48.284325,31.31205,86.5,0
UA35060190000079777,Помічнянська,UA35060000000086172,Новоукраїнський,UA35000000000016081,Кіровоградська,міська,Помічнянська міська громада,UA35060190010082095,Помічна,48.243309,31.4037217,88.1,0
UA35060210000019042,Рівнянська,UA35060000000086172,Новоукраїнський,UA35000000000016081,Кіровоградська,сільська,Рівнянська сільська громада,UA35060210010013503,Рівне,48.2450076,31.7477038,56.2,0
UA35060230000086264,Смолінська,UA35060000000086172,Новоукраїнський,UA35000000000016081,Кіровоградська,селищна,Смолінська селищна громада,UA35060230010026884,Смоліне,48.6014602,31.2957107,84.0,0
UA35060250000057436,Тишківська,UA35060000000086172,Новоукраїнський,UA35000000000016081,Кіровоградська,сільська,Тишківська сільська громада,UA35060250010051036,Тишківка,48.492229,30.932384,124.5,0
UA35080010000032386,Великоандрусівська,UA35080000000062763,Олександрійський,UA35000000000016081,Кіровоградська,сільська,Великоандрусівська сільська громада,UA35080010010079801,Велика Андрусівка,49.057732,32.949711,123.3,0
UA35080030000042560,Новопразька,UA35080000000062763,Олександрійський,UA35000000000016081,Кіровоградська,селищна,Новопразька селищна громада,UA35080030010071208,Нова Прага,48.5691102,32.9043787,76.8,0
UA35080050000038829,Олександрійська,UA35080000000062763,Олександрійський,UA35000000000016081,Кіровоградська,міська,Олександрійська міська громада,UA35080050010051027,Олександрія,48.670609,33.1169742,90.5,0
UA35080070000016791,Онуфріївська,UA35080000000062763,Олександрійський,UA35000000000016081,Кіровоградська,селищна,Онуфріївська селищна громада,UA35080070010099782,Онуфріївка,48.9046489,33.4472744,143.6,0
UA35080090000078673,Пантаївська,UA35080000000062763,Олександрійський,UA35000000000016081,Кіровоградська,селищна,Пантаївська селищна громада,UA35080090010062771,Пантаївка,48.6776501,32.8970803,73.0,0
UA35080110000063919,Петрівська,UA35080000000062763,Олександрійський,UA35000000000016081,Кіровоградська,селищна,Петрівська селищна громада,UA35080110010024292,Петрове,48.33607,33.26626,100.1,0
UA35080130000048304,Попельнастівська,UA35080000000062763,Олександрійський,UA35000000000016081,Кіровоградська,сільська,Попельнастівська сільська громада,UA35080130010041742,Попельнасте,48.6592675,33.7216381,159.2,0
UA35080150000074379,Приютівська,UA35080000000062763,Олександрійський,UA35000000000016081,Кіровоградська,селищна,Приютівська селищна громада,UA35080150010021337,Приютівка,48.721619,33.067471,96.3,0
UA35080170000077673,Світловодська,UA35080000000062763,Олександрійський,UA35000000000016081,Кіровоградська,міська,Світловодська міська громада,UA35080170010073614,Світловодськ,49.04537,33.20721,132.8,0
UA44020010000067642,Алчевська,UA44020000000082097,Алчевський,UA44000000000018893,Луганська,міська,Алчевська міська громада,UA44020010010037242,Алчевськ,48.4806933,38.7921332944146,129.4,0
UA44020030000055937,Зимогір’ївська,UA44020000000082097,Алчевський,UA44000000000018893,Луганська,міська,Зимогір’ївська міська громада,UA44020030010028948,Зимогір’я,48.5782151,38.9451299,115.1,0
UA44020050000061272,Кадіївська,UA44020000000082097,Алчевський,UA44000000000018893,Луганська,міська,Кадіївська міська громада,UA44020050010070086,Кадіївка,48.5595971,38.6499847,109.5,0
UA44040010000091230,Довжанська,UA44040000000032820,Довжанський,UA44000000000018893,Луганська,міська,Довжанська міська громада,UA44040010010080356,Довжанськ,48.0811324,39.642561,206.9,0
UA44040030000034083,Сорокинська,UA44040000000032820,Довжанський,UA44000000000018893,Луганська,міська,Сорокинська міська громада,UA44040030010012509,Сорокине,48.2951439,39.7296772,178.5,0
UA44060010000059164,Луганська,UA44060000000048093,Луганський,UA44000000000018893,Луганська,міська,Луганська міська громада,UA44060010010012753,Луганськ,48.64418345,39.4948508175621,136.5,0
UA44060030000019360,Лутугинська,UA44060000000048093,Луганський,UA44000000000018893,Луганська,міська,Лутугинська міська громада,UA44060030010090701,Лутугине,48.4008342,39.1981259,155.3,0
UA44060050000028333,Молодогвардійська,UA44060000000048093,Луганський,UA44000000000018893,Луганська,міська,Молодогвардійська міська громада,UA44060050010032095,Молодогвардійськ,48.3459067,39.6524188,171.7,0
UA44080010000030435,Антрацитівська,UA44080000000045512,Ровеньківський,UA44000000000018893,Луганська,міська,Антрацитівська міська громада,UA44080010010047352,Антрацит,48.1164285,39.0886375,186.2,0
UA44080030000048115,Ровеньківська,UA44080000000045512,Ровеньківський,UA44000000000018893,Луганська,міська,Ровеньківська міська громада,UA44080030010061353,Ровеньки,48.0897987,39.368029,209.9,0
UA44080050000055882,Хрустальненська,UA44080000000045512,Ровеньківський,UA44000000000018893,Луганська,міська,Хрустальненська міська громада,UA44080050010029178,Хрустальний,48.1790971,38.8818684,179.7,0
UA44100010000048313,Білокуракинська,UA44100000000052765,Сватівський,UA44000000000018893,Луганська,селищна,Білокуракинська селищна громада,UA44100010010025116,Білокуракине,49.52637,38.73539,103.2,0
UA44100030000094890,Коломийчиська,UA44100000000052765,Сватівський,UA44000000000018893,Луганська,сільська,Коломийчиська сільська громада,UA44100030010087840,Коломийчиха,49.44706,37.97184,124.2,0
UA44100050000027880,Красноріченська,UA44100000000052765,Сватівський,UA44000000000018893,Луганська,селищна,Красноріченська селищна громада,UA44100050010091690,Красноріченське,49.2161675,38.2038682,94.1,0
UA44100070000070448,Лозно-Олександрівська,UA44100000000052765,Сватівський,UA44000000000018893,Луганська,селищна,Лозно-Олександрівська селищна громада,UA44100070010029573,Лозно-Олександрівка,49.83742,38.74226,148.6,0
UA44100090000087782,Нижньодуванська,UA44100000000052765,Сватівський,UA44000000000018893,Луганська,селищна,Нижньодуванська селищна громада,UA44100090010044253,Нижня Дуванка,49.58027,38.16582,129.3,0
UA44100110000061602,Сватівська,UA44100000000052765,Сватівський,UA44000000000018893,Луганська,міська,Сватівська міська громада,UA44100110010094316,Сватове,49.4176663,38.1456729,111.4,0
UA44100130000017965,Троїцька,UA44100000000052765,Сватівський,UA44000000000018893,Луганська,селищна,Троїцька селищна громада,UA44100130010040850,Троїцьке,49.9074486,38.2868192,167.4,0
UA44120010000044132,Гірська,UA44120000000092852,Сєвєродонецький,UA44000000000018893,Луганська,міська,Гірська міська громада,UA44120010010055038,Гірське,48.7395184,38.4919701,91.8,0
UA44120030000094047,Кремінська,UA44120000000092852,Сєвєродонецький,UA44000000000018893,Луганська,міська,Кремінська міська громада,UA44120030010038707,Кремінна,49.0463189,38.2178525,74.2,0
UA44120050000066819,Лисичанська,UA44120000000092852,Сєвєродонецький,UA44000000000018893,Луганська,міська,Лисичанська міська громада,UA44120050010021900,Лисичанськ,48.917267,38.4285981,80.7,0
UA44120070000073915,Попаснянська,UA44120000000092852,Сєвєродонецький,UA44000000000018893,Луганська,міська,Попаснянська міська громада,UA44120070010080343,Попасна,48.6322687,38.3777033,116.7,0
UA44120090000062828,Рубіжанська,UA44120000000092852,Сєвєродонецький,UA44000000000018893,Луганська,міська,Рубіжанська міська громада,UA44120090010096548,Рубіжне,49.0329045,38.3725819,58.3,0
UA44120110000010163,Сєвєродонецька,UA44120000000092852,Сєвєродонецький,UA44000000000018893,Луганська,міська,Сєвєродонецька міська громада,UA44120110010072887,Сєвєродонецьк,48.9478698,38.4936475,0.0,1
UA44140010000036188,Біловодська,UA44140000000031142,Старобільський,UA44000000000018893,Луганська,селищна,Біловодська селищна громада,UA44140010010089375,Біловодськ,49.2068078,39.5911619,123.3,0
UA44140030000070201,Білолуцька,UA44140000000031142,Старобільський,UA44000000000018893,Луганська,селищна,Білолуцька селищна громада,UA44140030010086904,Білолуцьк,49.7017298,39.0250773,135.4,0
UA44140050000026566,Марківська,UA44140000000031142,Старобільський,UA44000000000018893,Луганська,селищна,Марківська селищна громада,UA44140050010046571,Марківка,49.5239233,39.5682107,146.5,0
UA44140070000058445,Міловська,UA44140000000031142,Старобільський,UA44000000000018893,Луганська,селищна,Міловська селищна громада,UA44140070010019293,Мілове,49.38011,40.1255,177.6,0
UA44140090000072167,Новопсковська,UA44140000000031142,Старобільський,UA44000000000018893,Луганська,селищна,Новопсковська селищна громада,UA44140090010043803,Новопсков,49.5383615,39.1022062,110.2,0
UA44140110000056578,Старобільська,UA44140000000031142,Старобільський,UA44000000000018893,Луганська,міська,Старобільська міська громада,UA44140110010014704,Старобільськ,49.2822424,38.897386,70.5,0
UA44140130000089782,Чмирівська,UA44140000000031142,Старобільський,UA44000000000018893,Луганська,сільська,Чмирівська сільська громада,UA44140130010025204,Чмирівка,49.292038,38.95348,78.0,0
UA44140150000072734,Шульгинська,UA44140000000031142,Старобільський,UA44000000000018893,Луганська,сільська,Шульгинська сільська громада,UA44140150010091343,Шульгинка,49.152142,38.91975,69.2,0
UA44160010000053248,Нижньотеплівська,UA44160000000057142,Щастинський,UA44000000000018893,Луганська,сільська,Нижньотеплівська сільська громада,UA44160010010027493,Нижньотепле,48.794785,39.351295,93.7,0
UA44160030000020916,Новоайдарська,UA44160000000057142,Щастинський,UA44000000000018893,Луганська,селищна,Новоайдарська селищна громада,UA44160030010058180,Новоайдар,48.9596084,38.9937733,45.9,0
UA44160050000040019,Станично-Луганська,UA44160000000057142,Щастинський,UA44000000000018893,Луганська,селищна,Станично-Луганська селищна громада,UA44160050010037864,Станиця Луганська,48.6429638,39.4956573,136.6,0
UA44160070000013725,Широківська,UA44160000000057142,Щастинський,UA44000000000018893,Луганська,сільська,Широківська сільська громада,UA44160070010099687,Широкий,48.8364339,39.6304262,121.0,0
UA44160090000075695,Щастинська,UA44160000000057142,Щастинський,UA44000000000018893,Луганська,міська,Щастинська міська громада,UA44160090010046671,Щастя,48.7453063,39.1711051755281,80.4,0
UA46020010000073886,Бориславська,UA46020000000075920,Дрогобицький,UA46000000000026241,Львівська,міська,Бориславська міська громада,UA46020010010087534,Борислав,49.2824381,23.4138765,108.6,0
UA46020030000019252,Дрогобицька,UA46020000000075920,Дрогобицький,UA46000000000026241,Львівська,міська,Дрогобицька міська громада,UA46020030010069501,Дрогобич,49.3513996,23.5061662,93.7,0
UA46020050000037271,Меденицька,UA46020000000075920,Дрогобицький,UA46000000000026241,Львівська,селищна,Меденицька селищна громада,UA46020050010078717,Меденичі,49.4299693,23.7495414,70.1,0
UA46020070000056149,Східницька,UA46020000000075920,Дрогобицький,UA46000000000026241,Львівська,селищна,Східницька селищна громада,UA46020070010062211,Східниця,49.2275955,23.3502631,122.9,0
UA46020090000057315,Трускавецька,UA46020000000075920,Дрогобицький,UA46000000000026241,Львівська,міська,Трускавецька міська громада,UA46020090010062870,Трускавець,49.2783459,23.5064459,103.4,0
UA46040010000033885,Бродівська,UA46040000000069196,Золочівський,UA46000000000026241,Львівська,міська,Бродівська міська громада,UA46040010010077682,Броди,50.0833041,25.1437921,109.4,0
UA46040030000058332,Буська,UA46040000000069196,Золочівський,UA46000000000026241,Львівська,міська,Буська міська громада,UA46040030010088253,Буськ,49.965355,24.6089531,58.3,0
UA46040050000062043,Заболотцівська,UA46040000000069196,Золочівський,UA46000000000026241,Львівська,сільська,Заболотцівська сільська громада,UA46040050010062368,Заболотці,50.0321244,24.9757154,94.4,0
UA46040070000032075,Золочівська,UA46040000000069196,Золочівський,UA46000000000026241,Львівська,міська,Золочівська міська громада,UA46040070010068975,Золочів,49.8056522,24.8988858,75.0,0
UA46040090000012087,Красненська,UA46040000000069196,Золочівський,UA46000000000026241,Львівська,селищна,Красненська селищна громада,UA46040090010053794,Красне,49.9125099,24.608186,64.5,0
UA46040110000093394,Підкамінська,UA46040000000069196,Золочівський,UA46000000000026241,Львівська,селищна,Підкамінська селищна громада,UA46040110010088160,Підкамінь,49.9452145,25.318681,123.5,0
UA46040130000035029,Поморянська,UA46040000000069196,Золочівський,UA46000000000026241,Львівська,селищна,Поморянська селищна громада,UA46040130010096729,Поморяни,49.6363882,24.9318616,102.8,0
UA46060010000049728,Бібрська,UA46060000000042587,Львівський,UA46000000000026241,Львівська,міська,Бібрська міська громада,UA46060010010065439,Бібрка,49.6375183,24.2973288,40.1,0
UA46060030000020652,Великолюбінська,UA46060000000042587,Львівський,UA46000000000026241,Львівська,селищна,Великолюбінська селищна громада,UA46060030010066953,Великий Любінь,49.7217329,23.7302119,38.4,0
UA46060050000016451,Глинянська,UA46060000000042587,Львівський,UA46000000000026241,Львівська,міська,Глинянська міська громада,UA46060050010098239,Глиняни,49.8220371,24.5165092,52.1,0
UA46060070000047720,Городоцька,UA46060000000042587,Львівський,UA46000000000026241,Львівська,міська,Городоцька міська громада,UA46060070010047335,Городок,49.784596,23.6465626,40.5,0
UA46060090000017373,Давидівська,UA46060000000042587,Львівський,UA46000000000026241,Львівська,сільська,Давидівська сільська громада,UA46060090010018310,Давидів,49.751785,24.135963,21.6,0
UA46060110000011684,Добросинсько-Магерівська,UA46060000000042587,Львівський,UA46000000000026241,Львівська,сільська,Добросинсько-Магерівська сільська громада,UA46060110010060620,Добросин,50.1346697,23.8537195,50.7,0
UA46060130000059055,Жовківська,UA46060000000042587,Львівський,UA46000000000026241,Львівська,міська,Жовківська міська громада,UA46060130010043364,Жовква,50.056134,23.9711967,36.8,0
UA46060150000060045,Жовтанецька,UA46060000000042587,Львівський,UA46000000000026241,Львівська,сільська,Жовтанецька сільська громада,UA46060150010062196,Жовтанці,49.9920394,24.2453514,34.0,0
UA46060170000014754,Зимноводівська,UA46060000000042587,Львівський,UA46000000000026241,Львівська,сільська,Зимноводівська сільська громада,UA46060170010088194,Зимна Вода,49.824806,23.886192,21.0,0
UA46060190000038354,Кам’янка-Бузька,UA46060000000042587,Львівський,UA46000000000026241,Львівська,міська,Кам’янка-Бузька міська громада,UA46060190010052224,Кам’янка-Бузька,50.0987805,24.3569457,52.4,0
UA46060210000047788,Комарнівська,UA46060000000042587,Львівський,UA46000000000026241,Львівська,міська,Комарнівська міська громада,UA46060210010034733,Комарно,49.6260714,23.6969962,54.9,0
UA46060230000093092,Куликівська,UA46060000000042587,Львівський,UA46000000000026241,Львівська,селищна,Куликівська селищна громада,UA46060230010099970,Куликів,49.9802537,24.0770707,24.1,0
UA46060250000025047,Львівська,UA46060000000042587,Львівський,UA46000000000026241,Львівська,міська,Львівська міська громада,UA46060250010015970,Львів,49.841952,24.0315921,0.0,1
UA46060270000027170,Мурованська,UA46060000000042587,Львівський,UA46000000000026241,Львівська,сільська,Мурованська сільська громада,UA46060270010075248,Муроване,49.876335,24.095217,13.7,0
UA46060290000052876,Новояричівська,UA46060000000042587,Львівський,UA46000000000026241,Львівська,селищна,Новояричівська селищна громада,UA46060290010027932,Новий Яричів,49.9071883,24.3026191,35.3,0
UA46060310000086550,Оброшинська,UA46060000000042587,Львівський,UA46000000000026241,Львівська,сільська,Оброшинська сільська громада,UA46060310010080287,Оброшине,49.78643,23.86727,24.2,0
UA46060330000065074,Перемишлянська,UA46060000000042587,Львівський,UA46000000000026241,Львівська,міська,Перемишлянська міська громада,UA46060330010045641,Перемишляни,49.6693553,24.5584141,52.8,0
UA46060350000036006,Підберізцівська,UA46060000000042587,Львівський,UA46000000000026241,Львівська,сільська,Підберізцівська сільська громада,UA46060350010070856,Підберізці,49.809834,24.221888,21.3,0
UA46060370000065608,Пустомитівська,UA46060000000042587,Львівський,UA46000000000026241,Львівська,міська,Пустомитівська міська громада,UA46060370010036941,Пустомити,49.7189582,23.9047288,27.5,0
UA46060390000035967,Рава-Руська,UA46060000000042587,Львівський,UA46000000000026241,Львівська,міська,Рава-Руська міська громада,UA46060390010035472,Рава-Руська,50.230654,23.6240014,70.1,0
UA46060410000052681,Сокільницька,UA46060000000042587,Львівський,UA46000000000026241,Львівська,сільська,Сокільницька сільська громада,UA46060410010099446,Сокільники,49.7797678,23.9791691,15.3,0
UA46060430000091455,Солонківська,UA46060000000042587,Львівський,UA46000000000026241,Львівська,сільська,Солонківська сільська громада,UA46060430010053981,Солонка,49.756359,24.008862,20.7,0
UA46060450000037997,Щирецька,UA46060000000042587,Львівський,UA46000000000026241,Львівська,селищна,Щирецька селищна громада,UA46060450010052417,Щирець,49.6465416,23.8571249,38.9,0
UA46080010000010628,Бісковицька,UA46080000000017237,Самбірський,UA46000000000026241,Львівська,сільська,Бісковицька сільська громада,UA46080010010053301,Бісковичі,49.544472,23.164238,88.0,0
UA46080030000048662,Боринська,UA46080000000017237,Самбірський,UA46000000000026241,Львівська,селищна,Боринська селищна громада,UA46080030010097733,Бориня,49.0714844,23.0022472,149.3,0
UA46080050000015399,Добромильська,UA46080000000017237,Самбірський,UA46000000000026241,Львівська,міська,Добромильська міська громада,UA46080050010034058,Добромиль,49.5710282,22.7851508,122.1,0
UA46080070000035761,Новокалинівська,UA46080000000017237,Самбірський,UA46000000000026241,Львівська,міська,Новокалинівська міська громада,UA46080070010059040,Новий Калинів,49.5582869,23.3022432,74.2,0
UA46080090000029798,Ралівська,UA46080000000017237,Самбірський,UA46000000000026241,Львівська,сільська,Ралівська сільська громада,UA46080090010019909,Ралівка,49.501617,23.23386,84.7,0
UA46080110000050484,Рудківська,UA46080000000017237,Самбірський,UA46000000000026241,Львівська,міська,Рудківська міська громада,UA46080110010064338,Рудки,49.6544518,23.4873856,57.2,0
UA46080130000077112,Самбірська,UA46080000000017237,Самбірський,UA46000000000026241,Львівська,міська,Самбірська міська громада,UA46080130010066889,Самбір,49.5182487,23.1969805,83.8,0
UA46080150000050321,Старосамбірська,UA46080000000017237,Самбірський,UA46000000000026241,Львівська,міська,Старосамбірська міська громада,UA46080150010090008,Старий Самбір,49.44406,23.0022677,98.3,0
UA46080170000064605,Стрілківська,UA46080000000017237,Самбірський,UA46000000000026241,Львівська,сільська,Стрілківська сільська громада,UA46080170010037904,Стрілки,49.329163,22.974785,114.8,0
UA46080190000096121,Турківська,UA46080000000017237,Самбірський,UA46000000000026241,Львівська,міська,Турківська міська громада,UA46080190010014284,Турка,49.1531436,23.0336345,139.3,0
UA46080210000051983,Хирівська,UA46080000000017237,Самбірський,UA46000000000026241,Львівська,міська,Хирівська міська громада,UA46080210010061725,Хирів,49.5335126,22.8500099,115.0,0
UA46100010000066018,Гніздичівська,UA46100000000023056,Стрийський,UA46000000000026241,Львівська,селищна,Гніздичівська селищна громада,UA46100010010050983,Гніздичів,49.3373271,24.1081208,71.3,0
UA46100030000016064,Грабовецько-Дулібівська,UA46100000000023056,Стрийський,UA46000000000026241,Львівська,сільська,Грабовецько-Дулібівська сільська громада,UA46100030010039011,Дуліби,49.230637,23.815067,80.9,0
UA46100050000053848,Жидачівська,UA46100000000023056,Стрийський,UA46000000000026241,Львівська,міська,Жидачівська міська громада,UA46100050010010600,Жидачів,49.3831172,24.1426813,64.6,0
UA46100070000076013,Журавненська,UA46100000000023056,Стрийський,UA46000000000026241,Львівська,селищна,Журавненська селищна громада,UA46100070010010389,Журавно,49.2577802,24.2858299,84.0,0
UA46100090000076723,Козівська,UA46100000000023056,Стрийський,UA46000000000026241,Львівська,сільська,Козівська сільська громада,UA46100090010099336,Козьова,48.9502946,23.348357,144.0,0
UA46100110000018989,Миколаївська,UA46100000000023056,Стрийський,UA46000000000026241,Львівська,міська,Миколаївська міська громада,UA46100110010094231,Миколаїв,49.5253714,23.9788155,38.8,0
UA46100130000048262,Моршинська,UA46100000000023056,Стрийський,UA46000000000026241,Львівська,міська,Моршинська міська громада,UA46100130010043013,Моршин,49.1536011,23.8700537,92.0,0
UA46100150000087495,Новороздільська,UA46100000000023056,Стрийський,UA46000000000026241,Львівська,міська,Новороздільська міська громада,UA46100150010069811,Новий Розділ,49.4696071,24.1386133,61.9,0
UA46100170000077437,Розвадівська,UA46100000000023056,Стрийський,UA46000000000026241,Львівська,сільська,Розвадівська сільська громада,UA46100170010025623,Розвадів,49.5030978,23.9581902,45.6,0
UA46100190000081766,Сколівська,UA46100000000023056,Стрийський,UA46000000000026241,Львівська,міська,Сколівська міська громада,UA46100190010093837,Сколе,49.0378559,23.5140979,123.0,0
UA46100210000027970,Славська,UA46100000000023056,Стрийський,UA46000000000026241,Львівська,селищна,Славська селищна громада,UA46100210010024884,Славське,48.84487,23.44482,156.7,0
UA46100230000047305,Стрийська,UA46100000000023056,Стрийський,UA46000000000026241,Львівська,міська,Стрийська міська громада,UA46100230010074173,Стрий,49.255875,23.8530863,75.6,0
UA46100250000088835,Тростянецька,UA46100000000023056,Стрийський,UA46000000000026241,Львівська,сільська,Тростянецька сільська громада,UA46100250010067986,Тростянець,49.551479,23.992229,36.6,0
UA46100270000094052,Ходорівська,UA46100000000023056,Стрийський,UA46000000000026241,Львівська,міська,Ходорівська міська громада,UA46100270010046817,Ходорів,49.4065802,24.3140241,79.5,0
UA46120010000054878,Белзька,UA46120000000057093,Червоноградський,UA46000000000026241,Львівська,міська,Белзька міська громада,UA46120010010057892,Белз,50.3823942,24.0127629,86.4,0
UA46120030000069375,Великомостівська,UA46120000000057093,Червоноградський,UA46000000000026241,Львівська,міська,Великомостівська міська громада,UA46120030010063566,Великі Мости,50.240162,24.1385486,58.4,0
UA46120050000027080,Добротвірська,UA46120000000057093,Червоноградський,UA46000000000026241,Львівська,селищна,Добротвірська селищна громада,UA46120050010093637,Добротвір,50.2057172,24.3857048,70.7,0
UA46120070000071541,Лопатинська,UA46120000000057093,Червоноградський,UA46000000000026241,Львівська,селищна,Лопатинська селищна громада,UA46120070010059603,Лопатин,50.2205052,24.844945,96.6,0
UA46120090000051307,Радехівська,UA46120000000057093,Червоноградський,UA46000000000026241,Львівська,міська,Радехівська міська громада,UA46120090010078401,Радехів,50.2808744,24.6397908,85.6,0
UA46120110000062257,Сокальська,UA46120000000057093,Червоноградський,UA46000000000026241,Львівська,міська,Сокальська міська громада,UA46120110010087965,Сокаль,50.4791313,24.2770538,94.4,0
UA46120130000026331,Червоноградська,UA46120000000057093,Червоноградський,UA46000000000026241,Львівська,міська,Червоноградська міська громада,UA46120130010071117,Червоноград,50.3940701,24.239616,81.0,0
UA46140010000081849,Івано-Франківська,UA46140000000036328,Яворівський,UA46000000000026241,Львівська,селищна,Івано-Франківська селищна громада,UA46140010010031231,Івано-Франкове,49.9220001,23.7311549,36.1,0
UA46140030000023506,Мостиська,UA46140000000036328,Яворівський,UA46000000000026241,Львівська,міська,Мостиська міська громада,UA46140030010062678,Мостиська,49.79235,23.147933,78.3,0
UA46140050000054478,Новояворівська,UA46140000000036328,Яворівський,UA46000000000026241,Львівська,міська,Новояворівська міська громада,UA46140050010045115,Новояворівськ,49.9316152,23.5661291,50.0,0
UA46140070000010135,Судововишнянська,UA46140000000036328,Яворівський,UA46000000000026241,Львівська,міська,Судововишнянська міська громада,UA46140070010067363,Судова Вишня,49.7880934,23.3732553,58.8,0
UA46140090000079730,Шегинівська,UA46140000000036328,Яворівський,UA46000000000026241,Львівська,сільська,Шегинівська сільська громада,UA46140090010034963,Шегині,49.801323,22.974361,92.8,0
UA46140110000063568,Яворівська,UA46140000000036328,Яворівський,UA46000000000026241,Львівська,міська,Яворівська міська громада,UA46140110010091191,Яворів,49.9456001,23.3886319,65.9,0
UA48020010000091496,Баштанська,UA48020000000033544,Баштанський,UA48000000000039575,Миколаївська,міська,Баштанська міська громада,UA48020010010072548,Баштанка,47.4033486,32.4388921,68.5,0
UA48020030000061219,Березнегуватська,UA48020000000033544,Баштанський,UA48000000000039575,Миколаївська,селищна,Березнегуватська селищна громада,UA48020030010050384,Березнегувате,47.308722,32.8486739,122.2,0
UA48020050000023194,Вільнозапорізька,UA48020000000033544,Баштанський,UA48000000000039575,Миколаївська,сільська,Вільнозапорізька сільська громада,UA48020050010023464,Вільне Запоріжжя,47.5752739,32.6213011,108.3,0
UA48020070000050731,Володимирівська,UA48020000000033544,Баштанський,UA48000000000039575,Миколаївська,сільська,Володимирівська сільська громада,UA48020070010073981,Володимирівка,47.5225573,32.923254,153.7,0
UA48020090000069919,Горохівська,UA48020000000033544,Баштанський,UA48000000000039575,Миколаївська,сільська,Горохівська сільська громада,UA48020090010098041,Горохівське,46.9581182,32.702749,108.4,0
UA48020110000020969,Інгульська,UA48020000000033544,Баштанський,UA48000000000039575,Миколаївська,сільська,Інгульська сільська громада,UA48020110010030787,Інгулка,47.2015936,32.2269428,44.1,0
UA48020130000080862,Казанківська,UA48020000000033544,Баштанський,UA48000000000039575,Миколаївська,селищна,Казанківська селищна громада,UA48020130010047500,Казанка,47.835215,32.8241797,130.9,0
UA48020150000051082,Новобузька,UA48020000000033544,Баштанський,UA48000000000039575,Миколаївська,міська,Новобузька міська громада,UA48020150010063715,Новий Буг,47.6933814,32.5106596,98.4,0
UA48020170000082529,Привільненська,UA48020000000033544,Баштанський,UA48000000000039575,Миколаївська,сільська,Привільненська сільська громада,UA48020170010089549,Привільне,47.4937814,32.2971718,84.2,0
UA48020190000083597,Снігурівська,UA48020000000033544,Баштанський,UA48000000000039575,Миколаївська,міська,Снігурівська міська громада,UA48020190010089719,Снігурівка,47.070721,32.7924643,84.8,0
UA48020210000024814,Софіївська,UA48020000000033544,Баштанський,UA48000000000039575,Миколаївська,сільська,Софіївська сільська громада,UA48020210010075631,Софіївка,47.6870044,32.3720991,111.6,0
UA48020230000095751,Широківська,UA48020000000033544,Баштанський,UA48000000000039575,Миколаївська,сільська,Широківська сільська громада,UA48020230010060096,Широке,47.09781,32.677599,76.0,0
UA48040010000016403,Братська,UA48040000000011780,Вознесенський,UA48000000000039575,Миколаївська,селищна,Братська селищна громада,UA48040010010092806,Братське,47.8641873,31.5747875,142.9,0
UA48040030000013036,Бузька,UA48040000000011780,Вознесенський,UA48000000000039575,Миколаївська,сільська,Бузька сільська громада,UA48040030010064061,Бузьке,47.6150388,31.2029082,121.3,0
UA48040050000011284,Веселинівська,UA48040000000011780,Вознесенський,UA48000000000039575,Миколаївська,селищна,Веселинівська селищна громада,UA48040050010032687,Веселинове,47.356307,31.2367979,84.9,0
UA48040070000056126,Вознесенська,UA48040000000011780,Вознесенський,UA48000000000039575,Миколаївська,міська,Вознесенська міська громада,UA48040070010053688,Вознесенськ,47.5679582,31.3338636,102.5,0
UA48040090000070960,Доманівська,UA48040000000011780,Вознесенський,UA48000000000039575,Миколаївська,селищна,Доманівська селищна громада,UA48040090010033302,Доманівка,47.6322253,30.9892003,146.2,0
UA48040110000015580,Дорошівська,UA48040000000011780,Вознесенський,UA48000000000039575,Миколаївська,сільська,Дорошівська сільська громада,UA48040110010042912,Дорошівка,47.4729796,31.4672792,77.9,0
UA48040130000074078,Єланецька,UA48040000000011780,Вознесенський,UA48000000000039575,Миколаївська,селищна,Єланецька селищна громада,UA48040130010093076,Єланець,47.696378,31.8489152,102.9,0
UA48040150000011861,Мостівська,UA48040000000011780,Вознесенський,UA48000000000039575,Миколаївська,сільська,Мостівська сільська громада,UA48040150010020941,Мостове,47.418625,30.996822,116.3,0
UA48040170000057262,Новомар’ївська,UA48040000000011780,Вознесенський,UA48000000000039575,Миколаївська,сільська,Новомар’ївська сільська громада,UA48040170010030990,Новомар’ївка,48.0064483,31.4995082,165.3,0
UA48040190000026236,Олександрівська,UA48040000000011780,Вознесенський,UA48000000000039575,Миколаївська,селищна,Олександрівська селищна громада,UA48040190010081999,Олександрівка,47.6895064,31.2785396,120.7,0
UA48040210000049987,Прибужанівська,UA48040000000011780,Вознесенський,UA48000000000039575,Миколаївська,сільська,Прибужанівська сільська громада,UA48040210010090845,Прибужани,47.529674,31.3240378,107.5,0
UA48040230000012964,Прибузька,UA48040000000011780,Вознесенський,UA48000000000039575,Миколаївська,сільська,Прибузька сільська громада,UA48040230010083896,Прибужжя,47.6717628,31.2352206,131.0,0
UA48040250000044166,Южноукраїнська,UA48040000000011780,Вознесенський,UA48000000000039575,Миколаївська,міська,Южноукраїнська міська громада,UA48040250010045068,Южноукраїнськ,47.824269,31.1786814,138.6,0
UA48060010000061913,Березанська,UA48060000000094390,Миколаївський,UA48000000000039575,Миколаївська,селищна,Березанська селищна громада,UA48060010010062952,Березанка,46.8544054,31.3874915,56.6,0
UA48060030000055210,Веснянська,UA48060000000094390,Миколаївський,UA48000000000039575,Миколаївська,сільська,Веснянська сільська громада,UA48060030010040372,Весняне,46.9796589,31.8829166,14.9,0
UA48060050000074873,Воскресенська,UA48060000000094390,Миколаївський,UA48000000000039575,Миколаївська,селищна,Воскресенська селищна громада,UA48060050010077771,Воскресенське,47.0171096,32.1465767,19.5,0
UA48060070000087404,Галицинівська,UA48060000000094390,Миколаївський,UA48000000000039575,Миколаївська,сільська,Галицинівська сільська громада,UA48060070010025327,Галицинове,46.8060632,31.9802864,33.7,0
UA48060090000097375,Коблівська,UA48060000000094390,Миколаївський,UA48000000000039575,Миколаївська,сільська,Коблівська сільська громада,UA48060090010065073,Коблеве,46.6612599,31.2085145,74.3,0
UA48060110000055792,Костянтинівська,UA48060000000094390,Миколаївський,UA48000000000039575,Миколаївська,сільська,Костянтинівська сільська громада,UA48060110010034967,Костянтинівка,47.095007,31.9184045,26.3,0
UA48060130000035572,Куцурубська,UA48060000000094390,Миколаївський,UA48000000000039575,Миколаївська,сільська,Куцурубська сільська громада,UA48060130010023784,Куцуруб,46.6529086,31.6211184,71.3,0
UA48060150000071713,Миколаївська,UA48060000000094390,Миколаївський,UA48000000000039575,Миколаївська,міська,Миколаївська міська громада,UA48060150010035747,Миколаїв,46.9758615,31.9939666,0.0,1
UA48060170000025778,Мішково-Погорілівська,UA48060000000094390,Миколаївський,UA48000000000039575,Миколаївська,сільська,Мішково-Погорілівська сільська громада,UA48060170010081392,Мішково-Погорілове,46.9981588,32.1172962,19.4,0
UA48060190000070297,Нечаянська,UA48060000000094390,Миколаївський,UA48000000000039575,Миколаївська,сільська,Нечаянська сільська громада,UA48060190010079208,Нечаяне,46.9428387,31.5534457,38.6,0
UA48060210000081533,Новоодеська,UA48060000000094390,Миколаївський,UA48000000000039575,Миколаївська,міська,Новоодеська міська громада,UA48060210010099689,Нова Одеса,47.310996,31.7739735,47.6,0
UA48060230000098265,Ольшанська,UA48060000000094390,Миколаївський,UA48000000000039575,Миколаївська,селищна,Ольшанська селищна громада,UA48060230010054298,Ольшанське,47.18486,31.793865,47.1,0
UA48060250000061313,Очаківська,UA48060000000094390,Миколаївський,UA48000000000039575,Миколаївська,міська,Очаківська міська громада,UA48060250010045389,Очаків,46.6145957,31.5452994,69.3,0
UA48060270000044708,Первомайська,UA48060000000094390,Миколаївський,UA48000000000039575,Миколаївська,селищна,Первомайська селищна громада,UA48060270010054876,Первомайське,47.039509,32.439911,61.5,0
UA48060290000080246,Радсадівська,UA48060000000094390,Миколаївський,UA48000000000039575,Миколаївська,сільська,Радсадівська сільська громада,UA48060290010094929,Радісний Сад,46.8991228,31.9863616,29.8,0
UA48060310000084930,Степівська,UA48060000000094390,Миколаївський,UA48000000000039575,Миколаївська,сільська,Степівська сільська громада,UA48060310010080095,Степове,47.1898851,31.5182939,47.4,0
UA48060330000083035,Сухоєланецька,UA48060000000094390,Миколаївський,UA48000000000039575,Миколаївська,сільська,Сухоєланецька сільська громада,UA48060330010077761,Сухий Єланець,47.3684734,31.9874081,58.7,0
UA48060350000011218,Чорноморська,UA48060000000094390,Миколаївський,UA48000000000039575,Миколаївська,сільська,Чорноморська сільська громада,UA48060350010026429,Чорноморка,46.649658,31.506041,75.5,0
UA48060370000016130,Шевченківська,UA48060000000094390,Миколаївський,UA48000000000039575,Миколаївська,сільська,Шевченківська сільська громада,UA48060370010072079,Шевченкове,46.862518,32.191662,34.1,0
UA48080010000048763,Арбузинська,UA48080000000082320,Первомайський,UA48000000000039575,Миколаївська,селищна,Арбузинська селищна громада,UA48080010010059552,Арбузинка,47.9076,31.31516,154.8,0
UA48080030000050927,Благодатненська,UA48080000000082320,Первомайський,UA48000000000039575,Миколаївська,сільська,Благодатненська сільська громада,UA48080030010012495,Благодатне,47.9922978,31.1428235,154.3,0
UA48080050000053070,Врадіївська,UA48080000000082320,Первомайський,UA48000000000039575,Миколаївська,селищна,Врадіївська селищна громада,UA48080050010081239,Врадіївка,47.8594344,30.5891291,199.1,0
UA48080070000061107,Кам’яномостівська,UA48080000000082320,Первомайський,UA48000000000039575,Миколаївська,сільська,Кам’яномостівська сільська громада,UA48080070010068754,Кам’яний Міст,47.9651969,30.8156629,197.7,0
UA48080090000029942,Кривоозерська,UA48080000000082320,Первомайський,UA48000000000039575,Миколаївська,селищна,Кривоозерська селищна громада,UA48080090010039970,Криве Озеро,47.9532217,30.3425878,229.1,0
UA48080110000010732,Мигіївська,UA48080000000082320,Первомайський,UA48000000000039575,Миколаївська,сільська,Мигіївська сільська громада,UA48080110010075639,Мигія,48.0380198,30.9538321,167.7,0
UA48080130000028458,Первомайська,UA48080000000082320,Первомайський,UA48000000000039575,Миколаївська,міська,Первомайська міська громада,UA48080130010068596,Первомайськ,48.045745,30.8475997,179.8,0
UA48080150000083195,Синюхинобрідська,UA48080000000082320,Первомайський,UA48000000000039575,Миколаївська,сільська,Синюхинобрідська сільська громада,UA48080150010074493,Синюхин Брід,48.1445873,30.8173556,191.0,0
UA51020010000012094,Андрієво-Іванівська,UA51020000000097683,Березівський,UA51000000000030770,Одеська,сільська,Андрієво-Іванівська сільська громада,UA51020010010041603,Андрієво-Іванівка,47.5002542,30.4616331,125.7,0
UA51020030000095942,Березівська,UA51020000000097683,Березівський,UA51000000000030770,Одеська,міська,Березівська міська громада,UA51020030010083756,Березівка,47.2016391,30.908595,88.2,0
UA51020050000075980,Великобуялицька,UA51020000000097683,Березівський,UA51000000000030770,Одеська,сільська,Великобуялицька сільська громада,UA51020050010012726,Великий Буялик,46.942238,30.648479,86.3,0
UA51020070000019684,Знам’янська,UA51020000000097683,Березівський,UA51000000000030770,Одеська,сільська,Знам’янська сільська громада,UA51020070010090500,Знам’янка,47.0215772,30.2837704,60.3,0
UA51020090000073639,Іванівська,UA51020000000097683,Березівський,UA51000000000030770,Одеська,селищна,Іванівська селищна громада,UA51020090010055034,Іванівка,46.9824413,30.4628447,67.5,0
UA51020110000041005,Коноплянська,UA51020000000097683,Березівський,UA51000000000030770,Одеська,сільська,Коноплянська сільська громада,UA51020110010032278,Конопляне,47.037708,30.479984,75.8,0
UA51020130000060117,Курісовська,UA51020000000097683,Березівський,UA51000000000030770,Одеська,сільська,Курісовська сільська громада,UA51020130010051922,Курісове,46.9701466,30.9616421,62.6,0
UA51020150000090298,Миколаївська,UA51020000000097683,Березівський,UA51000000000030770,Одеська,селищна,Миколаївська селищна громада,UA51020150010053472,Миколаївка,47.5366356,30.754709,164.9,0
UA51020170000041393,Новокальчевська,UA51020000000097683,Березівський,UA51000000000030770,Одеська,сільська,Новокальчевська сільська громада,UA51020170010090340,Новокальчеве,47.1965603,31.0341137,96.7,0
UA51020190000074479,Петровірівська,UA51020000000097683,Березівський,UA51000000000030770,Одеська,сільська,Петровірівська сільська громада,UA51020190010034904,Петровірівка,47.237431,30.326731,77.9,0
UA51020210000019597,Раухівська,UA51020000000097683,Березівський,UA51000000000030770,Одеська,селищна,Раухівська селищна громада,UA51020210010017838,Раухівка,47.1691588,30.8145604,99.3,0
UA51020230000068053,Розквітівська,UA51020000000097683,Березівський,UA51000000000030770,Одеська,сільська,Розквітівська сільська громада,UA51020230010079171,Розквіт,47.122082,30.61581,93.2,0
UA51020250000084082,Старомаяківська,UA51020000000097683,Березівський,UA51000000000030770,Одеська,сільська,Старомаяківська сільська громада,UA51020250010060072,Старі Маяки,47.346951,30.30682,83.9,0
UA51020270000068435,Стрюківська,UA51020000000097683,Березівський,UA51000000000030770,Одеська,сільська,Стрюківська сільська громада,UA51020270010061523,Стрюкове,47.37912,30.582382,127.1,0
UA51020290000017926,Чогодарівська,UA51020000000097683,Березівський,UA51000000000030770,Одеська,сільська,Чогодарівська сільська громада,UA51020290010031591,Чогодарівка,47.374702,30.068394,119.7,0
UA51020310000020019,Ширяївська,UA51020000000097683,Березівський,UA51000000000030770,Одеська,селищна,Ширяївська селищна громада,UA51020310010075967,Ширяєве,47.3843482,30.1895219,90.7,0
UA51040010000016896,Білгород-Дністровська,UA51040000000032911,Білгород-Дністровський,UA51000000000030770,Одеська,міська,Білгород-Дністровська міська громада,UA51040010010048834,Білгород-Дністровський,46.1909823,30.345784,98.1,0
UA51040030000095700,Дивізійська,UA51040000000032911,Білгород-Дністровський,UA51000000000030770,Одеська,сільська,Дивізійська сільська громада,UA51040030010052012,Дивізія,45.9442525,29.9743896,128.5,0
UA51040050000073907,Кароліно-Бугазька,UA51040000000032911,Білгород-Дністровський,UA51000000000030770,Одеська,сільська,Кароліно-Бугазька сільська громада,UA51040050010037080,Кароліно-Бугаз,46.1458339,30.5255473,57.8,0
UA51040070000074000,Кулевчанська,UA51040000000032911,Білгород-Дністровський,UA51000000000030770,Одеська,сільська,Кулевчанська сільська громада,UA51040070010038901,Кулевча,46.0345974,29.9333659,110.6,0
UA51040090000096249,Лиманська,UA51040000000032911,Білгород-Дністровський,UA51000000000030770,Одеська,сільська,Лиманська сільська громада,UA51040090010065285,Лиман,45.673229,29.741247,166.8,0
UA51040110000040346,Маразліївська,UA51040000000032911,Білгород-Дністровський,UA51000000000030770,Одеська,сільська,Маразліївська сільська громада,UA51040110010096405,Маразліївка,46.107672,30.0520305,90.6,0
UA51040130000049323,Мологівська,UA51040000000032911,Білгород-Дністровський,UA51000000000030770,Одеська,сільська,Мологівська сільська громада,UA51040130010020404,Молога,46.228905,30.21216,80.8,0
UA51040150000087491,Петропавлівська,UA51040000000032911,Білгород-Дністровський,UA51000000000030770,Одеська,сільська,Петропавлівська сільська громада,UA51040150010078698,Петропавлівка,46.340572,29.566586,129.6,0
UA51040170000036391,Плахтіївська,UA51040000000032911,Білгород-Дністровський,UA51000000000030770,Одеська,сільська,Плахтіївська сільська громада,UA51040170010098605,Плахтіївка,46.094894,29.715511,119.4,0
UA51040190000058077,Саратська,UA51040000000032911,Білгород-Дністровський,UA51000000000030770,Одеська,селищна,Саратська селищна громада,UA51040190010067512,Сарата,46.0220664,29.6648751,109.2,0
UA51040210000057879,Сергіївська,UA51040000000032911,Білгород-Дністровський,UA51000000000030770,Одеська,селищна,Сергіївська селищна громада,UA51040210010089194,Сергіївка,46.02756,30.37273,117.5,0
UA51040230000018414,Старокозацька,UA51040000000032911,Білгород-Дністровський,UA51000000000030770,Одеська,сільська,Старокозацька сільська громада,UA51040230010038726,Старокозаче,46.337597,29.986652,71.0,0
UA51040250000099866,Татарбунарська,UA51040000000032911,Білгород-Дністровський,UA51000000000030770,Одеська,міська,Татарбунарська міська громада,UA51040250010015619,Татарбунари,45.8398696,29.6166537,137.4,0
UA51040270000028361,Тузлівська,UA51040000000032911,Білгород-Дністровський,UA51000000000030770,Одеська,сільська,Тузлівська сільська громада,UA51040270010077310,Тузли,45.871349,30.08778,131.0,0
UA51040290000011852,Успенівська,UA51040000000032911,Білгород-Дністровський,UA51000000000030770,Одеська,сільська,Успенівська сільська громада,UA51040290010096997,Успенівка,46.18755,29.86153,102.1,0
UA51040310000071545,Шабівська,UA51040000000032911,Білгород-Дністровський,UA51000000000030770,Одеська,сільська,Шабівська сільська громада,UA51040310010035609,Шабо,46.128258,30.386766,106.9,0
UA51060010000033212,Арцизька,UA51060000000057808,Болградський,UA51000000000030770,Одеська,міська,Арцизька міська громада,UA51060010010032913,Арциз,45.9962017,29.431517,129.9,0
UA51060030000044366,Болградська,UA51060000000057808,Болградський,UA51000000000030770,Одеська,міська,Болградська міська громада,UA51060030010048411,Болград,45.6779137,28.6132404,219.0,0
UA51060050000061243,Бородінська,UA51060000000057808,Болградський,UA51000000000030770,Одеська,селищна,Бородінська селищна громада,UA51060050010081046,Бородіно,46.3023788,29.2422721,183.5,0
UA51060070000052726,Василівська,UA51060000000057808,Болградський,UA51000000000030770,Одеська,сільська,Василівська сільська громада,UA51060070010082409,Василівка,45.6429124,28.8324547,199.3,0
UA51060090000014997,Городненська,UA51060000000057808,Болградський,UA51000000000030770,Одеська,сільська,Городненська сільська громада,UA51060090010098049,Городнє,45.893669,28.85216,219.4,0
UA51060110000077844,Криничненська,UA51060000000057808,Болградський,UA51000000000030770,Одеська,сільська,Криничненська сільська громада,UA51060110010028313,Криничне,45.5372689,28.6663677,231.0,0
UA51060130000042133,Кубейська,UA51060000000057808,Болградський,UA51000000000030770,Одеська,сільська,Кубейська сільська громада,UA51060130010030168,Кубей,45.7907985,28.7440113,233.2,0
UA51060150000016544,Павлівська,UA51060000000057808,Болградський,UA51000000000030770,Одеська,сільська,Павлівська сільська громада,UA51060150010018466,Павлівка,45.962959,29.491703,134.8,0
UA51060170000068967,Тарутинська,UA51060000000057808,Болградський,UA51000000000030770,Одеська,селищна,Тарутинська селищна громада,UA51060170010058387,Тарутине,46.1821786,29.151948,167.0,0
UA51060190000067242,Теплицька,UA51060000000057808,Болградський,UA51000000000030770,Одеська,сільська,Теплицька сільська громада,UA51060190010010897,Теплиця,45.98534,29.33762,142.6,0
UA51080010000087690,Вилківська,UA51080000000061776,Ізмаїльський,UA51000000000030770,Одеська,міська,Вилківська міська громада,UA51080010010086017,Вилкове,45.40306,29.58309,196.6,0
UA51080030000048246,Ізмаїльська,UA51080000000061776,Ізмаїльський,UA51000000000030770,Одеська,міська,Ізмаїльська міська громада,UA51080030010072039,Ізмаїл,45.3511307,28.8361514,219.7,0
UA51080050000022808,Кілійська,UA51080000000061776,Ізмаїльський,UA51000000000030770,Одеська,міська,Кілійська міська громада,UA51080050010036449,Кілія,45.4409767,29.2652788,216.3,0
UA51080070000040493,Ренійська,UA51080000000061776,Ізмаїльський,UA51000000000030770,Одеська,міська,Ренійська міська громада,UA51080070010065897,Рені,45.455413,28.2790948,271.6,0
UA51080090000065506,Саф’янівська,UA51080000000061776,Ізмаїльський,UA51000000000030770,Одеська,сільська,Саф’янівська сільська громада,UA51080090010094143,Саф’яни,45.4029271,28.8768576,213.6,0
UA51080110000079212,Суворовська,UA51080000000061776,Ізмаїльський,UA51000000000030770,Одеська,селищна,Суворовська селищна громада,UA51080110010083652,Суворове,45.5811117,28.9879186,198.1,0
UA51100010000023950,Авангардівська,UA51100000000095786,Одеський,UA51000000000030770,Одеська,селищна,Авангардівська селищна громада,UA51100010010083015,Авангард,46.471085,30.613808,14.6,0
UA51100030000027628,Біляївська,UA51100000000095786,Одеський,UA51000000000030770,Одеська,міська,Біляївська міська громада,UA51100030010096432,Біляївка,46.4826109,30.2014161,43.6,0
UA51100050000066202,Великодальницька,UA51100000000095786,Одеський,UA51000000000030770,Одеська,сільська,Великодальницька сільська громада,UA51100050010086336,Великий Дальник,46.476292,30.559851,18.2,0
UA51100070000063635,Великодолинська,UA51100000000095786,Одеський,UA51000000000030770,Одеська,селищна,Великодолинська селищна громада,UA51100070010049456,Великодолинське,46.3467158,30.5759542,24.8,0
UA51100090000094901,Вигодянська,UA51100000000095786,Одеський,UA51000000000030770,Одеська,сільська,Вигодянська сільська громада,UA51100090010019613,Вигода,46.614494,30.39809,45.1,0
UA51100110000098468,Визирська,UA51100000000095786,Одеський,UA51000000000030770,Одеська,сільська,Визирська сільська громада,UA51100110010062502,Визирка,46.696785,30.997566,38.7,0
UA51100130000021533,Дальницька,UA51100000000095786,Одеський,UA51000000000030770,Одеська,сільська,Дальницька сільська громада,UA51100130010045971,Дальник,46.2250393,30.531351,47.4,0
UA51100150000090671,Дачненська,UA51100000000095786,Одеський,UA51000000000030770,Одеська,сільська,Дачненська сільська громада,UA51100150010077639,Дачне,46.577221,30.54817,24.1,0
UA51100170000087238,Доброславська,UA51100000000095786,Одеський,UA51000000000030770,Одеська,селищна,Доброславська селищна громада,UA51100170010032070,Доброслав,46.8193867,30.943207,47.2,0
UA51100190000060999,Красносільська,UA51100000000095786,Одеський,UA51000000000030770,Одеська,сільська,Красносільська сільська громада,UA51100190010062182,Красносілка,46.623569,30.77614,25.5,0
UA51100210000074534,Маяківська,UA51100000000095786,Одеський,UA51000000000030770,Одеська,сільська,Маяківська сільська громада,UA51100210010011388,Маяки,46.413799,30.26836,39.9,0
UA51100230000045500,Нерубайська,UA51100000000095786,Одеський,UA51000000000030770,Одеська,сільська,Нерубайська сільська громада,UA51100230010045417,Нерубайське,46.544624,30.629803,18.7,0
UA51100250000055079,Овідіопольська,UA51100000000095786,Одеський,UA51000000000030770,Одеська,селищна,Овідіопольська селищна громада,UA51100250010074682,Овідіополь,46.2473734,30.4448614,46.0,0
UA51100270000073549,Одеська,UA51100000000095786,Одеський,UA51000000000030770,Одеська,міська,Одеська міська громада,UA51100270010076757,Одеса,46.4843023,30.7322878,0.0,1
UA51100290000027993,Таїровська,UA51100000000095786,Одеський,UA51000000000030770,Одеська,селищна,Таїровська селищна громада,UA51100290010095530,Таїрове,46.367195,30.651262,20.8,0
UA51100310000010196,Теплодарська,UA51100000000095786,Одеський,UA51000000000030770,Одеська,міська,Теплодарська міська громада,UA51100310010094687,Теплодар,46.5050729,30.3272329,36.9,0
UA51100330000051757,Усатівська,UA51100000000095786,Одеський,UA51000000000030770,Одеська,сільська,Усатівська сільська громада,UA51100330010025010,Усатове,46.537399,30.654261,14.1,0
UA51100350000087099,Фонтанська,UA51100000000095786,Одеський,UA51000000000030770,Одеська,сільська,Фонтанська сільська громада,UA51100350010073678,Фонтанка,46.570198,30.858065,23.1,0
UA51100370000040590,Чорноморська,UA51100000000095786,Одеський,UA51000000000030770,Одеська,міська,Чорноморська міська громада,UA51100370010020298,Чорноморськ,46.3020943,30.653466,32.8,0
UA51100390000087217,Чорноморська,UA51100000000095786,Одеський,UA51000000000030770,Одеська,селищна,Чорноморська селищна громада,UA51100390010035428,Чорноморське,46.5849122,30.9334115,32.0,0
UA51100410000059549,Южненська,UA51100000000095786,Одеський,UA51000000000030770,Одеська,міська,Южненська міська громада,UA51100410010044384,Южне,46.6225029,31.0994897,51.0,0
UA51100430000081326,Яськівська,UA51100000000095786,Одеський,UA51000000000030770,Одеська,сільська,Яськівська сільська громада,UA51100430010028718,Яськи,46.517139,30.07576,55.2,0
UA51120010000025020,Ананьївська,UA51120000000021678,Подільський,UA51000000000030770,Одеська,міська,Ананьївська міська громада,UA51120010010049617,Ананьїв,47.7178669,29.9601889,142.4,0
UA51120030000075494,Балтська,UA51120000000021678,Подільський,UA51000000000030770,Одеська,міська,Балтська міська громада,UA51120030010033524,Балта,47.9363162,29.6225979,176.8,0
UA51120050000071748,Долинська,UA51120000000021678,Подільський,UA51000000000030770,Одеська,сільська,Долинська сільська громада,UA51120050010053289,Долинське,47.528999,29.910505,162.2,0
UA51120070000097161,Зеленогірська,UA51120000000021678,Подільський,UA51000000000030770,Одеська,селищна,Зеленогірська селищна громада,UA51120070010025981,Зеленогірське,47.875671,30.09705,140.4,0
UA51120090000035170,Кодимська,UA51120000000021678,Подільський,UA51000000000030770,Одеська,міська,Кодимська міська громада,UA51120090010012317,Кодима,48.1047445,29.1285642,217.7,0
UA51120110000047677,Куяльницька,UA51120000000021678,Подільський,UA51000000000030770,Одеська,сільська,Куяльницька сільська громада,UA51120110010043368,Куяльник,47.728851,29.562288,189.4,0
UA51120130000064324,Любашівська,UA51120000000021678,Подільський,UA51000000000030770,Одеська,селищна,Любашівська селищна громада,UA51120130010021276,Любашівка,47.8315678,30.2562335,124.5,0
UA51120150000080138,Окнянська,UA51120000000021678,Подільський,UA51000000000030770,Одеська,селищна,Окнянська селищна громада,UA51120150010045505,Окни,47.5399,29.45881,179.6,0
UA51120170000076247,Піщанська,UA51120000000021678,Подільський,UA51000000000030770,Одеська,сільська,Піщанська сільська громада,UA51120170010068000,Піщана,48.12664,29.73278,185.3,0
UA51120190000044451,Подільська,UA51120000000021678,Подільський,UA51000000000030770,Одеська,міська,Подільська міська громада,UA51120190010049331,Подільськ,47.7497422,29.5304957,189.2,0
UA51120210000054996,Савранська,UA51120000000021678,Подільський,UA51000000000030770,Одеська,селищна,Савранська селищна громада,UA51120210010092672,Саврань,48.1246576,30.0796984,161.4,0
UA51120230000084853,Слобідська,UA51120000000021678,Подільський,UA51000000000030770,Одеська,селищна,Слобідська селищна громада,UA51120230010081273,Слобідка,47.885971,29.341049,211.9,0
UA51140010000090773,Великомихайлівська,UA51140000000094970,Роздільнянський,UA51000000000030770,Одеська,селищна,Великомихайлівська селищна громада,UA51140010010046979,Велика Михайлівка,47.0775384,29.8509409,110.1,0
UA51140030000062458,Великоплосківська,UA51140000000094970,Роздільнянський,UA51000000000030770,Одеська,сільська,Великоплосківська сільська громада,UA51140030010095447,Великоплоске,47.0128646,29.6667427,127.0,0
UA51140050000054980,Затишанська,UA51140000000094970,Роздільнянський,UA51000000000030770,Одеська,селищна,Затишанська селищна громада,UA51140050010088650,Затишшя,47.3253391,29.8933262,143.1,0
UA51140070000052649,Захарівська,UA51140000000094970,Роздільнянський,UA51000000000030770,Одеська,селищна,Захарівська селищна громада,UA51140070010053225,Захарівка,47.3429696,29.7403766,139.4,0
UA51140090000048720,Лиманська,UA51140000000094970,Роздільнянський,UA51000000000030770,Одеська,селищна,Лиманська селищна громада,UA51140090010063072,Лиманське,46.6618481,29.9760782,96.1,0
UA51140110000053825,Новоборисівська,UA51140000000094970,Роздільнянський,UA51000000000030770,Одеська,сільська,Новоборисівська сільська громада,UA51140110010098830,Новоборисівка,47.104568,29.990959,92.9,0
UA51140130000082333,Роздільнянська,UA51140000000094970,Роздільнянський,UA51000000000030770,Одеська,міська,Роздільнянська міська громада,UA51140130010040641,Роздільна,46.8546716,30.0711363,81.5,0
UA51140150000095416,Степанівська,UA51140000000094970,Роздільнянський,UA51000000000030770,Одеська,сільська,Степанівська сільська громада,UA51140150010036771,Степанівка,46.788872,29.985384,89.3,0
UA51140170000019764,Цебриківська,UA51140000000094970,Роздільнянський,UA51000000000030770,Одеська,селищна,Цебриківська селищна громада,UA51140170010087186,Цебрикове,47.1470432,30.1054572,83.0,0
UA53020010000035494,Глобинська,UA53020000000034761,Кременчуцький,UA53000000000028050,Полтавська,міська,Глобинська міська громада,UA53020010010016768,Глобине,49.392047,33.2507308,122.4,0
UA53020030000081709,Горішньоплавнівська,UA53020000000034761,Кременчуцький,UA53000000000028050,Полтавська,міська,Горішньоплавнівська міська громада,UA53020030010087471,Горішні Плавні,49.0140647,33.6330875,115.9,0
UA53020050000041411,Градизька,UA53020000000034761,Кременчуцький,UA53000000000028050,Полтавська,селищна,Градизька селищна громада,UA53020050010049580,Градизьк,49.2311773,33.1206291,154.0,0
UA53020070000049284,Кам’янопотоківська,UA53020000000034761,Кременчуцький,UA53000000000028050,Полтавська,сільська,Кам’янопотоківська сільська громада,UA53020070010066580,Кам’яні Потоки,48.9825908,33.53248,127.8,0
UA53020090000045206,Козельщинська,UA53020000000034761,Кременчуцький,UA53000000000028050,Полтавська,селищна,Козельщинська селищна громада,UA53020090010035873,Козельщина,49.2136111,33.8413889,76.1,0
UA53020110000092487,Кременчуцька,UA53020000000034761,Кременчуцький,UA53000000000028050,Полтавська,міська,Кременчуцька міська громада,UA53020110010031694,Кременчук,49.0629553,33.403516,111.5,0
UA53020130000091122,Новогалещинська,UA53020000000034761,Кременчуцький,UA53000000000028050,Полтавська,селищна,Новогалещинська селищна громада,UA53020130010069005,Нова Галещина,49.1710646,33.7604079,81.8,0
UA53020150000098867,Оболонська,UA53020000000034761,Кременчуцький,UA53000000000028050,Полтавська,сільська,Оболонська сільська громада,UA53020150010013079,Оболонь,49.5947201,32.868618,158.1,0
UA53020170000049108,Омельницька,UA53020000000034761,Кременчуцький,UA53000000000028050,Полтавська,сільська,Омельницька сільська громада,UA53020170010021077,Омельник,49.2164094,33.5524121,112.2,0
UA53020190000090557,Піщанська,UA53020000000034761,Кременчуцький,UA53000000000028050,Полтавська,сільська,Піщанська сільська громада,UA53020190010074656,Піщане,49.123642,33.398563,112.4,0
UA53020210000023587,Пришибська,UA53020000000034761,Кременчуцький,UA53000000000028050,Полтавська,сільська,Пришибська сільська громада,UA53020210010061426,Пришиб,49.046856,33.733024,100.1,0
UA53020230000086353,Семенівська,UA53020000000034761,Кременчуцький,UA53000000000028050,Полтавська,селищна,Семенівська селищна громада,UA53020230010086475,Семенівка,49.5972685,33.179559,122.0,0
UA53040010000091190,Гребінківська,UA53040000000081308,Лубенський,UA53000000000028050,Полтавська,міська,Гребінківська міська громада,UA53040010010092378,Гребінка,50.1206044,32.4289258,158.1,0
UA53040030000088898,Лубенська,UA53040000000081308,Лубенський,UA53000000000028050,Полтавська,міська,Лубенська міська громада,UA53040030010081016,Лубни,50.0118206,33.0030821,120.9,0
UA53040050000091161,Новооржицька,UA53040000000081308,Лубенський,UA53000000000028050,Полтавська,селищна,Новооржицька селищна громада,UA53040050010041819,Новооржицьке,50.022606,32.725002,143.4,0
UA53040070000083099,Оржицька,UA53040000000081308,Лубенський,UA53000000000028050,Полтавська,селищна,Оржицька селищна громада,UA53040070010084128,Оржиця,49.7875449,32.6997311,138.8,0
UA53040090000048649,Пирятинська,UA53040000000081308,Лубенський,UA53000000000028050,Полтавська,міська,Пирятинська міська громада,UA53040090010096696,Пирятин,50.2361111,32.5011111,153.3,0
UA53040110000034949,Хорольська,UA53040000000081308,Лубенський,UA53000000000028050,Полтавська,міська,Хорольська міська громада,UA53040110010080324,Хорол,49.7822104,33.2740646,95.9,0
UA53040130000097690,Чорнухинська,UA53040000000081308,Лубенський,UA53000000000028050,Полтавська,селищна,Чорнухинська селищна громада,UA53040130010015298,Чорнухи,50.2733333,32.9383333,175.9,0
UA53060010000060316,Білоцерківська,UA53060000000045271,Миргородський,UA53000000000028050,Полтавська,сільська,Білоцерківська сільська громада,UA53060010010044458,Білоцерківка,49.6792533,33.7820696,60.6,0
UA53060030000045288,Великобагачанська,UA53060000000045271,Миргородський,UA53000000000028050,Полтавська,селищна,Великобагачанська селищна громада,UA53060030010018743,Велика Багачка,49.7852778,33.7213889,81.3,0
UA53060050000024229,Великобудищанська,UA53060000000045271,Миргородський,UA53000000000028050,Полтавська,сільська,Великобудищанська сільська громада,UA53060050010086967,Великі Будища,50.458488,34.1396609,139.9,0
UA53060070000077527,Великосорочинська,UA53060000000045271,Миргородський,UA53000000000028050,Полтавська,сільська,Великосорочинська сільська громада,UA53060070010056575,Великі Сорочинці,50.023842,33.944321,101.8,0
UA53060090000098426,Гадяцька,UA53060000000045271,Миргородський,UA53000000000028050,Полтавська,міська,Гадяцька міська громада,UA53060090010040802,Гадяч,50.3701299,33.9950534,117.6,0
UA53060110000084138,Гоголівська,UA53060000000045271,Миргородський,UA53000000000028050,Полтавська,селищна,Гоголівська селищна громада,UA53060110010031598,Гоголеве,49.9230024,33.8226184,105.6,0
UA53060130000040567,Заводська,UA53060000000045271,Миргородський,UA53000000000028050,Полтавська,міська,Заводська міська громада,UA53060130010028447,Заводське,50.4052959,33.3973661,173.3,0
UA53060150000093603,Комишнянська,UA53060000000045271,Миргородський,UA53000000000028050,Полтавська,селищна,Комишнянська селищна громада,UA53060150010098797,Комишня,50.1838006,33.679619,155.2,0
UA53060170000064030,Краснолуцька,UA53060000000045271,Миргородський,UA53000000000028050,Полтавська,сільська,Краснолуцька сільська громада,UA53060170010077833,Красна Лука,50.4361716,33.975914,131.2,0
UA53060190000015369,Лохвицька,UA53060000000045271,Миргородський,UA53000000000028050,Полтавська,міська,Лохвицька міська громада,UA53060190010016735,Лохвиця,50.3595181,33.2741725,182.2,0
UA53060210000044776,Лютенська,UA53060000000045271,Миргородський,UA53000000000028050,Полтавська,сільська,Лютенська сільська громада,UA53060210010056848,Лютенька,50.20203,34.0387209,124.8,0
UA53060230000098362,Миргородська,UA53060000000045271,Миргородський,UA53000000000028050,Полтавська,міська,Миргородська міська громада,UA53060230010027681,Миргород,49.9658333,33.6113889,114.3,0
UA53060250000043118,Петрівсько-Роменська,UA53060000000045271,Миргородський,UA53000000000028050,Полтавська,сільська,Петрівсько-Роменська сільська громада,UA53060250010098781,Петрівка-Роменська,50.376091,33.74794,141.1,0
UA53060270000016329,Ромоданівська,UA53060000000045271,Миргородський,UA53000000000028050,Полтавська,селищна,Ромоданівська селищна громада,UA53060270010033721,Ромодан,49.9923481,33.3207607,131.3,0
UA53060290000047345,Сенчанська,UA53060000000045271,Миргородський,UA53000000000028050,Полтавська,сільська,Сенчанська сільська громада,UA53060290010082589,Сенча,50.25691,33.3421693,180.2,0
UA53060310000047988,Сергіївська,UA53060000000045271,Миргородський,UA53000000000028050,Полтавська,сільська,Сергіївська сільська громада,UA53060310010071486,Сергіївка,50.40081,33.7537985,142.5,0
UA53060330000036503,Шишацька,UA53060000000045271,Миргородський,UA53000000000028050,Полтавська,селищна,Шишацька селищна громада,UA53060330010052509,Шишаки,49.8764366,34.0069282,85.5,0
UA53080010000088479,Білицька,UA53080000000068029,Полтавський,UA53000000000028050,Полтавська,селищна,Білицька селищна громада,UA53080010010014619,Білики,49.259043,34.2690187,59.2,0
UA53080030000061078,Великорублівська,UA53080000000068029,Полтавський,UA53000000000028050,Полтавська,сільська,Великорублівська сільська громада,UA53080030010082675,Велика Рублівка,49.898056,34.801388,65.1,0
UA53080050000011754,Диканська,UA53080000000068029,Полтавський,UA53000000000028050,Полтавська,селищна,Диканська селищна громада,UA53080050010011580,Диканька,49.8227778,34.5386111,41.9,0
UA53080070000036333,Драбинівська,UA53080000000068029,Полтавський,UA53000000000028050,Полтавська,сільська,Драбинівська сільська громада,UA53080070010093164,Драбинівка,49.272533,34.592682,71.4,0
UA53080090000014431,Зіньківська,UA53080000000068029,Полтавський,UA53000000000028050,Полтавська,міська,Зіньківська міська громада,UA53080090010093569,Зіньків,50.21026,34.35768,89.6,0
UA53080110000062015,Карлівська,UA53080000000068029,Полтавський,UA53000000000028050,Полтавська,міська,Карлівська міська громада,UA53080110010062221,Карлівка,49.4537175,35.1374845,65.8,0
UA53080130000014699,Кобеляцька,UA53080000000068029,Полтавський,UA53000000000028050,Полтавська,міська,Кобеляцька міська громада,UA53080130010037756,Кобеляки,49.1433333,34.2002778,73.1,0
UA53080150000085889,Коломацька,UA53080000000068029,Полтавський,UA53000000000028050,Полтавська,сільська,Коломацька сільська громада,UA53080150010042088,Коломацьке,49.602581,34.767609,22.3,0
UA53080170000047487,Котелевська,UA53080000000068029,Полтавський,UA53000000000028050,Полтавська,селищна,Котелевська селищна громада,UA53080170010073464,Котельва,50.0621097,34.7496951,77.7,0
UA53080190000081150,Ланнівська,UA53080000000068029,Полтавський,UA53000000000028050,Полтавська,сільська,Ланнівська сільська громада,UA53080190010066776,Ланна,49.348518,35.26165,91.3,0
UA53080210000072644,Мартинівська,UA53080000000068029,Полтавський,UA53000000000028050,Полтавська,сільська,Мартинівська сільська громада,UA53080210010066625,Мартинівка,49.51469,35.293919,88.4,0
UA53080230000047239,Мачухівська,UA53080000000068029,Полтавський,UA53000000000028050,Полтавська,сільська,Мачухівська сільська громада,UA53080230010079895,Мачухи,49.520832,34.427502,16.7,0
UA53080250000097618,Машівська,UA53080000000068029,Полтавський,UA53000000000028050,Полтавська,селищна,Машівська селищна громада,UA53080250010055608,Машівка,49.4441667,34.87,44.5,0
UA53080270000062586,Михайлівська,UA53080000000068029,Полтавський,UA53000000000028050,Полтавська,сільська,Михайлівська сільська громада,UA53080270010078790,Михайлівка,49.2994665,34.8665679,63.5,0
UA53080290000024637,Нехворощанська,UA53080000000068029,Полтавський,UA53000000000028050,Полтавська,сільська,Нехворощанська сільська громада,UA53080290010010778,Нехвороща,49.140469,34.72057,83.3,0
UA53080310000072384,Новосанжарська,UA53080000000068029,Полтавський,UA53000000000028050,Полтавська,селищна,Новосанжарська селищна громада,UA53080310010064664,Нові Санжари,49.3338321,34.3148631,39.7,0
UA53080330000062155,Новоселівська,UA53080000000068029,Полтавський,UA53000000000028050,Полтавська,сільська,Новоселівська сільська громада,UA53080330010062774,Новоселівка,49.627499,34.687222,22.8,0
UA53080350000070563,Опішнянська,UA53080000000068029,Полтавський,UA53000000000028050,Полтавська,селищна,Опішнянська селищна громада,UA53080350010044287,Опішня,49.9570991,34.6100455,56.6,0
UA53080370000025447,Полтавська,UA53080000000068029,Полтавський,UA53000000000028050,Полтавська,міська,Полтавська міська громада,UA53080370010073240,Полтава,49.5897423,34.5507948,0.0,1
UA53080390000027656,Решетилівська,UA53080000000068029,Полтавський,UA53000000000028050,Полтавська,міська,Решетилівська міська громада,UA53080390010041197,Решетилівка,49.5586111,34.0791667,40.8,0
UA53080410000094938,Скороходівська,UA53080000000068029,Полтавський,UA53000000000028050,Полтавська,селищна,Скороходівська селищна громада,UA53080410010082694,Скороходове,49.7726802,35.0715767,73.4,0
UA53080430000085474,Терешківська,UA53080000000068029,Полтавський,UA53000000000028050,Полтавська,сільська,Терешківська сільська громада,UA53080430010099959,Терешки,49.551945,34.618332,16.7,0
UA53080450000087891,Чутівська,UA53080000000068029,Полтавський,UA53000000000028050,Полтавська,селищна,Чутівська селищна громада,UA53080450010015062,Чутове,49.7216667,35.1694444,63.4,0
UA53080470000053547,Щербанівська,UA53080000000068029,Полтавський,UA53000000000028050,Полтавська,сільська,Щербанівська сільська громада,UA53080470010087826,Щербані,49.531666,34.536945,12.2,0
UA56020010000027956,Антонівська,UA56020000000011586,Вараський,UA56000000000066151,Рівненська,сільська,Антонівська сільська громада,UA56020010010036945,Антонівка,51.314251,26.303492,106.3,0
UA56020030000068439,Вараська,UA56020000000011586,Вараський,UA56000000000066151,Рівненська,міська,Вараська міська громада,UA56020030010034121,Вараш,51.3481736,25.8500623,150.1,0
UA56020050000087443,Володимирецька,UA56020000000011586,Вараський,UA56000000000066151,Рівненська,селищна,Володимирецька селищна громада,UA56020050010068590,Володимирець,51.4197839,26.1392078,134.0,0
UA56020070000060676,Зарічненська,UA56020000000011586,Вараський,UA56000000000066151,Рівненська,селищна,Зарічненська селищна громада,UA56020070010036081,Зарічне,51.811589,26.1283792,171.6,0
UA56020090000066575,Каноницька,UA56020000000011586,Вараський,UA56000000000066151,Рівненська,сільська,Каноницька сільська громада,UA56020090010070319,Каноничі,51.442612,26.22209,127.0,0
UA56020110000024586,Локницька,UA56020000000011586,Вараський,UA56000000000066151,Рівненська,сільська,Локницька сільська громада,UA56020110010036978,Локниця,51.821087,25.829954,200.2,0
UA56020130000066130,Полицька,UA56020000000011586,Вараський,UA56000000000066151,Рівненська,сільська,Полицька сільська громада,UA56020130010095336,Полиці,51.2663942,26.0606965,119.4,0
UA56020150000079107,Рафалівська,UA56020000000011586,Вараський,UA56000000000066151,Рівненська,селищна,Рафалівська селищна громада,UA56020150010083249,Рафалівка,51.30718,26.00018,130.0,0
UA56040010000048910,Бокіймівська,UA56040000000062179,Дубенський,UA56000000000066151,Рівненська,сільська,Бокіймівська сільська громада,UA56040010010052136,Бокійма,50.4842359,25.4690282,73.9,0
UA56040030000031906,Боремельська,UA56040000000062179,Дубенський,UA56000000000066151,Рівненська,сільська,Боремельська сільська громада,UA56040030010025752,Боремель,50.4710604,25.1931736,100.8,0
UA56040050000074861,Варковицька,UA56040000000062179,Дубенський,UA56000000000066151,Рівненська,сільська,Варковицька сільська громада,UA56040050010014223,Варковичі,50.4709226,25.9708915,31.6,0
UA56040070000046270,Вербська,UA56040000000062179,Дубенський,UA56000000000066151,Рівненська,сільська,Вербська сільська громада,UA56040070010071469,Верба,50.280323,25.590887,70.9,0
UA56040090000093293,Демидівська,UA56040000000062179,Дубенський,UA56000000000066151,Рівненська,селищна,Демидівська селищна громада,UA56040090010036483,Демидівка,50.4275033,25.3368641,86.6,0
UA56040110000061997,Дубенська,UA56040000000062179,Дубенський,UA56000000000066151,Рівненська,міська,Дубенська міська громада,UA56040110010080334,Дубно,50.4187918,25.7455972,47.4,0
UA56040130000011543,Козинська,UA56040000000062179,Дубенський,UA56000000000066151,Рівненська,сільська,Козинська сільська громада,UA56040130010021956,Козин,50.266911,25.465281,81.1,0
UA56040150000039275,Крупецька,UA56040000000062179,Дубенський,UA56000000000066151,Рівненська,сільська,Крупецька сільська громада,UA56040150010081211,Крупець,50.157913,25.3102618,93.0,0
UA56040170000050651,Мирогощанська,UA56040000000062179,Дубенський,UA56000000000066151,Рівненська,сільська,Мирогощанська сільська громада,UA56040170010024581,Мирогоща Друга,50.4226262,25.8526524,45.6,0
UA56040190000045841,Млинівська,UA56040000000062179,Дубенський,UA56000000000066151,Рівненська,селищна,Млинівська селищна громада,UA56040190010053186,Млинів,50.5118774,25.6126259,60.4,0
UA56040210000047101,Острожецька,UA56040000000062179,Дубенський,UA56000000000066151,Рівненська,сільська,Острожецька сільська громада,UA56040210010064553,Острожець,50.667568,25.53978,82.1,0
UA56040230000032182,Підлозцівська,UA56040000000062179,Дубенський,UA56000000000066151,Рівненська,сільська,Підлозцівська сільська громада,UA56040230010053675,Підлозці,50.581387,25.362623,90.4,0
UA56040250000064519,Повчанська,UA56040000000062179,Дубенський,UA56000000000066151,Рівненська,сільська,Повчанська сільська громада,UA56040250010036203,Повча,50.374359,25.508934,66.1,0
UA56040270000014394,Привільненська,UA56040000000062179,Дубенський,UA56000000000066151,Рівненська,сільська,Привільненська сільська громада,UA56040270010065856,Привільне,50.463982,25.809629,41.2,0
UA56040290000025511,Радивилівська,UA56040000000062179,Дубенський,UA56000000000066151,Рівненська,міська,Радивилівська міська громада,UA56040290010062068,Радивилів,50.1279775,25.2487069,98.9,0
UA56040310000052028,Семидубська,UA56040000000062179,Дубенський,UA56000000000066151,Рівненська,сільська,Семидубська сільська громада,UA56040310010081688,Семидуби,50.3424625,25.8134402,61.8,0
UA56040330000091100,Смизька,UA56040000000062179,Дубенський,UA56000000000066151,Рівненська,селищна,Смизька селищна громада,UA56040330010050502,Смига,50.2382136,25.7629956,69.1,0
UA56040350000014945,Тараканівська,UA56040000000062179,Дубенський,UA56000000000066151,Рівненська,сільська,Тараканівська сільська громада,UA56040350010061558,Тараканів,50.381725,25.708364,54.3,0
UA56040370000063056,Ярославицька,UA56040000000062179,Дубенський,UA56000000000066151,Рівненська,сільська,Ярославицька сільська громада,UA56040370010069487,Ярославичі,50.6414963,25.4288029,87.8,0
UA56060010000018261,Бабинська,UA56060000000041446,Рівненський,UA56000000000066151,Рівненська,сільська,Бабинська сільська громада,UA56060010010028667,Бабин,50.6036507,26.5228893,22.8,0
UA56060030000057923,Березнівська,UA56060000000041446,Рівненський,UA56000000000066151,Рівненська,міська,Березнівська міська громада,UA56060030010049126,Березне,51.0035653,26.7524487,65.3,0
UA56060050000010769,Білокриницька,UA56060000000041446,Рівненський,UA56000000000066151,Рівненська,сільська,Білокриницька сільська громада,UA56060050010058826,Біла Криниця,50.606121,26.389851,14.2,0
UA56060070000034529,Бугринська,UA56060000000041446,Рівненський,UA56000000000066151,Рівненська,сільська,Бугринська сільська громада,UA56060070010058422,Бугрин,50.5426,26.5258,35.3,0
UA56060090000066065,Великомежиріцька,UA56060000000041446,Рівненський,UA56000000000066151,Рівненська,сільська,Великомежиріцька сільська громада,UA56060090010093960,Великі Межирічі,50.6597992,26.8631128,51.5,0
UA56060110000087064,Великоомелянська,UA56060000000041446,Рівненський,UA56000000000066151,Рівненська,сільська,Великоомелянська сільська громада,UA56060110010029929,Велика Омеляна,50.595852,26.1067807,18.8,0
UA56060130000072276,Головинська,UA56060000000041446,Рівненський,UA56000000000066151,Рівненська,сільська,Головинська сільська громада,UA56060130010092630,Головин,50.893478,26.29097,51.9,0
UA56060150000079268,Городоцька,UA56060000000041446,Рівненський,UA56000000000066151,Рівненська,сільська,Городоцька сільська громада,UA56060150010031251,Городок,50.685879,26.174353,16.1,0
UA56060170000073171,Гощанська,UA56060000000041446,Рівненський,UA56000000000066151,Рівненська,селищна,Гощанська селищна громада,UA56060170010032159,Гоща,50.60466,26.6827977,36.7,0
UA56060190000073111,Деражненська,UA56060000000041446,Рівненський,UA56000000000066151,Рівненська,сільська,Деражненська сільська громада,UA56060190010045733,Деражне,50.862228,26.047899,46.8,0
UA56060210000017052,Дядьковицька,UA56060000000041446,Рівненський,UA56000000000066151,Рівненська,сільська,Дядьковицька сільська громада,UA56060210010014206,Дядьковичі,50.6068,26.050301,24.8,0
UA56060230000076543,Здовбицька,UA56060000000041446,Рівненський,UA56000000000066151,Рівненська,сільська,Здовбицька сільська громада,UA56060230010092383,Здовбиця,50.4993307,26.2484113,19.8,0
UA56060250000052338,Здолбунівська,UA56060000000041446,Рівненський,UA56000000000066151,Рівненська,міська,Здолбунівська міська громада,UA56060250010051586,Здолбунів,50.518994,26.2431096,16.1,0
UA56060270000047362,Зорянська,UA56060000000041446,Рівненський,UA56000000000066151,Рівненська,сільська,Зорянська сільська громада,UA56060270010076018,Зоря,50.726673,26.028698,24.9,0
UA56060290000044465,Клеванська,UA56060000000041446,Рівненський,UA56000000000066151,Рівненська,селищна,Клеванська селищна громада,UA56060290010049434,Клевань,50.7464848,26.006327,28.9,0
UA56060310000066585,Корецька,UA56060000000041446,Рівненський,UA56000000000066151,Рівненська,міська,Корецька міська громада,UA56060310010035947,Корець,50.6194566,27.159712,62.5,0
UA56060330000075139,Корнинська,UA56060000000041446,Рівненський,UA56000000000066151,Рівненська,сільська,Корнинська сільська громада,UA56060330010076968,Корнин,50.5565086,26.2910576,11.9,0
UA56060350000045909,Костопільська,UA56060000000041446,Рівненський,UA56000000000066151,Рівненська,міська,Костопільська міська громада,UA56060350010063070,Костопіль,50.8792198,26.4533981,35.5,0
UA56060370000023028,Малинська,UA56060000000041446,Рівненський,UA56000000000066151,Рівненська,сільська,Малинська сільська громада,UA56060370010084762,Малинськ,51.097408,26.551901,60.7,0
UA56060390000090915,Малолюбашанська,UA56060000000041446,Рівненський,UA56000000000066151,Рівненська,сільська,Малолюбашанська сільська громада,UA56060390010080720,Мала Любаша,50.839256,26.517658,37.6,0
UA56060410000055190,Мізоцька,UA56060000000041446,Рівненський,UA56000000000066151,Рівненська,селищна,Мізоцька селищна громада,UA56060410010036976,Мізоч,50.3983189,26.141333,36.6,0
UA56060430000081857,Олександрійська,UA56060000000041446,Рівненський,UA56000000000066151,Рівненська,сільська,Олександрійська сільська громада,UA56060430010051905,Олександрія,50.731873,26.3455835,19.2,0
UA56060450000083945,Острозька,UA56060000000041446,Рівненський,UA56000000000066151,Рівненська,міська,Острозька міська громада,UA56060450010014169,Острог,50.329021,26.5203627,53.3,0
UA56060470000086729,Рівненська,UA56060000000041446,Рівненський,UA56000000000066151,Рівненська,міська,Рівненська міська громада,UA56060470010041018,Рівне,50.6196175,26.2513165,0.0,1
UA56060490000031684,Соснівська,UA56060000000041446,Рівненський,UA56000000000066151,Рівненська,селищна,Соснівська селищна громада,UA56060490010035207,Соснове,50.8266045,26.9950145,77.1,0
UA56060510000062151,Шпанівська,UA56060000000041446,Рівненський,UA56000000000066151,Рівненська,сільська,Шпанівська сільська громада,UA56060510010079884,Шпанів,50.660019,26.26659,9.8,0
UA56080010000083302,Березівська,UA56080000000096146,Сарненський,UA56000000000066151,Рівненська,сільська,Березівська сільська громада,UA56080010010081523,Березове,51.58424,27.350121,171.5,0
UA56080030000069650,Вирівська,UA56080000000096146,Сарненський,UA56000000000066151,Рівненська,сільська,Вирівська сільська громада,UA56080030010044824,Вири,51.2404371,26.9468831,108.4,0
UA56080050000068593,Висоцька,UA56080000000096146,Сарненський,UA56000000000066151,Рівненська,сільська,Висоцька сільська громада,UA56080050010081440,Висоцьк,51.7236599,26.6602392,135.2,0
UA56080070000040721,Дубровицька,UA56080000000096146,Сарненський,UA56000000000066151,Рівненська,міська,Дубровицька міська громада,UA56080070010011646,Дубровиця,51.5709462,26.5660889,116.8,0
UA56080090000098391,Клесівська,UA56080000000096146,Сарненський,UA56000000000066151,Рівненська,селищна,Клесівська селищна громада,UA56080090010040688,Клесів,51.31233,26.88835,103.8,0
UA56080110000056503,Миляцька,UA56080000000096146,Сарненський,UA56000000000066151,Рівненська,сільська,Миляцька сільська громада,UA56080110010064146,Миляч,51.674639,26.7442186,140.2,0
UA56080130000056682,Немовицька,UA56080000000096146,Сарненський,UA56000000000066151,Рівненська,сільська,Немовицька сільська громада,UA56080130010047347,Немовичі,51.259498,26.6333614,76.1,0
UA56080150000069525,Рокитнівська,UA56080000000096146,Сарненський,UA56000000000066151,Рівненська,селищна,Рокитнівська селищна громада,UA56080150010051265,Рокитне,51.2700302,27.2184767,122.5,0
UA56080170000055864,Сарненська,UA56080000000096146,Сарненський,UA56000000000066151,Рівненська,міська,Сарненська міська громада,UA56080170010061049,Сарни,51.3350028,26.6171275,83.9,0
UA56080190000032614,Старосільська,UA56080000000096146,Сарненський,UA56000000000066151,Рівненська,сільська,Старосільська сільська громада,UA56080190010083630,Старе Село,51.612049,27.130051,193.3,0
UA56080210000074337,Степанська,UA56080000000096146,Сарненський,UA56000000000066151,Рівненська,селищна,Степанська селищна громада,UA56080210010085738,Степань,51.1331321,26.3058758,89.4,0
UA59020010000024157,Бочечківська,UA59020000000081905,Конотопський,UA59000000000057109,Сумська,сільська,Бочечківська сільська громада,UA59020010010057105,Бочечки,51.30048,33.429016,147.9,0
UA59020030000072865,Буринська,UA59020000000081905,Конотопський,UA59000000000057109,Сумська,міська,Буринська міська громада,UA59020030010075600,Буринь,51.1960431,33.8288042,95.3,0
UA59020050000012539,Дубов’язівська,UA59020000000081905,Конотопський,UA59000000000057109,Сумська,селищна,Дубов’язівська селищна громада,UA59020050010064541,Дубов’язівка,51.132481,33.37846,112.4,0
UA59020070000032449,Конотопська,UA59020000000081905,Конотопський,UA59000000000057109,Сумська,міська,Конотопська міська громада,UA59020070010054283,Конотоп,51.2397495,33.206675,130.5,0
UA59020090000085438,Кролевецька,UA59020000000081905,Конотопський,UA59000000000057109,Сумська,міська,Кролевецька міська громада,UA59020090010081204,Кролевець,51.5548654,33.3875984,173.5,0
UA59020110000066430,Новослобідська,UA59020000000081905,Конотопський,UA59000000000057109,Сумська,сільська,Новослобідська сільська громада,UA59020110010060342,Нова Слобода,51.3749282,34.132125,144.1,0
UA59020130000060377,Попівська,UA59020000000081905,Конотопський,UA59000000000057109,Сумська,сільська,Попівська сільська громада,UA59020130010094850,Попівка,51.252941,33.124119,148.8,0
UA59020150000078955,Путивльська,UA59020000000081905,Конотопський,UA59000000000057109,Сумська,міська,Путивльська міська громада,UA59020150010023159,Путивль,51.3359821,33.8715451,119.8,0
UA59040010000075530,Боромлянська,UA59040000000045652,Охтирський,UA59000000000057109,Сумська,сільська,Боромлянська сільська громада,UA59040010010031876,Боромля,50.619511,34.967079,42.2,0
UA59040030000060142,Великописарівська,UA59040000000045652,Охтирський,UA59000000000057109,Сумська,селищна,Великописарівська селищна громада,UA59040030010059554,Велика Писарівка,50.4253238,35.4838569,97.0,0
UA59040050000033127,Грунська,UA59040000000045652,Охтирський,UA59000000000057109,Сумська,сільська,Грунська сільська громада,UA59040050010080063,Грунь,50.237522,34.606243,117.3,0
UA59040070000045520,Кириківська,UA59040000000045652,Охтирський,UA59000000000057109,Сумська,селищна,Кириківська селищна громада,UA59040070010092324,Кириківка,50.337784,35.143055,101.8,0
UA59040090000041737,Комишанська,UA59040000000045652,Охтирський,UA59000000000057109,Сумська,сільська,Комишанська сільська громада,UA59040090010082032,Комиші,50.303745,34.472309,121.3,0
UA59040110000026694,Охтирська,UA59040000000045652,Охтирський,UA59000000000057109,Сумська,міська,Охтирська міська громада,UA59040110010017443,Охтирка,50.3115386,34.8868923,85.6,0
UA59040130000041676,Тростянецька,UA59040000000045652,Охтирський,UA59000000000057109,Сумська,міська,Тростянецька міська громада,UA59040130010060037,Тростянець,50.48046,34.96467,59.6,0
UA59040150000076482,Чернеччинська,UA59040000000045652,Охтирський,UA59000000000057109,Сумська,сільська,Чернеччинська сільська громада,UA59040150010086436,Чернеччина,50.308109,34.80949,92.3,0
UA59040170000054314,Чупахівська,UA59040000000045652,Охтирський,UA59000000000057109,Сумська,селищна,Чупахівська селищна громада,UA59040170010043267,Чупахівка,50.379852,34.584534,100.6,0
UA59060010000042952,Андріяшівська,UA59060000000086008,Роменський,UA59000000000057109,Сумська,сільська,Андріяшівська сільська громада,UA59060010010071206,Андріяшівка,50.563202,33.381611,135.3,0
UA59060030000069916,Вільшанська,UA59060000000086008,Роменський,UA59000000000057109,Сумська,сільська,Вільшанська сільська громада,UA59060030010053132,Вільшана,50.819687,34.022835,60.5,0
UA59060050000060884,Коровинська,UA59060000000086008,Роменський,UA59000000000057109,Сумська,сільська,Коровинська сільська громада,UA59060050010079682,Коровинці,50.809021,33.767509,85.2,0
UA59060070000040784,Липоводолинська,UA59060000000086008,Роменський,UA59000000000057109,Сумська,селищна,Липоводолинська селищна громада,UA59060070010030190,Липова Долина,50.5637857,33.7990004,117.6,0
UA59060090000012687,Недригайлівська,UA59060000000086008,Роменський,UA59000000000057109,Сумська,селищна,Недригайлівська селищна громада,UA59060090010092203,Недригайлів,50.8358991,33.8782826,74.9,0
UA59060110000049734,Роменська,UA59060000000086008,Роменський,UA59000000000057109,Сумська,міська,Роменська міська громада,UA59060110010062596,Ромни,50.74207,33.4877,112.0,0
UA59060130000041204,Синівська,UA59060000000086008,Роменський,UA59000000000057109,Сумська,сільська,Синівська сільська громада,UA59060130010098530,Синівка,50.540791,34.091232,99.5,0
UA59060150000055022,Хмелівська,UA59060000000086008,Роменський,UA59000000000057109,Сумська,сільська,Хмелівська сільська громада,UA59060150010083858,Хмелів,50.881458,33.491482,120.7,0
UA59080010000078468,Бездрицька,UA59080000000057897,Сумський,UA59000000000057109,Сумська,сільська,Бездрицька сільська громада,UA59080010010088745,Бездрик,50.8669963,34.9476605,18.4,0
UA59080030000075526,Білопільська,UA59080000000057897,Сумський,UA59000000000057109,Сумська,міська,Білопільська міська громада,UA59080030010079123,Білопілля,51.1460449,34.3121992,44.4,0
UA59080050000061215,Верхньосироватська,UA59080000000057897,Сумський,UA59000000000057109,Сумська,сільська,Верхньосироватська сільська громада,UA59080050010056385,Верхня Сироватка,50.831184,34.94207,18.3,0
UA59080070000062635,Ворожбянська,UA59080000000057897,Сумський,UA59000000000057109,Сумська,міська,Ворожбянська міська громада,UA59080070010055315,Ворожба,51.1722411,34.2245008,59.2,0
UA59080090000092991,Краснопільська,UA59080000000057897,Сумський,UA59000000000057109,Сумська,селищна,Краснопільська селищна громада,UA59080090010070278,Краснопілля,50.7712539,35.2563391,40.6,0
UA59080110000034361,Лебединська,UA59080000000057897,Сумський,UA59000000000057109,Сумська,міська,Лебединська міська громада,UA59080110010031484,Лебедин,50.5814148,34.4761301,63.4,0
UA59080130000022249,Миколаївська,UA59080000000057897,Сумський,UA59000000000057109,Сумська,селищна,Миколаївська селищна громада,UA59080130010087968,Миколаївка,50.9395138,34.3729195,33.5,0
UA59080150000013842,Миколаївська,UA59080000000057897,Сумський,UA59000000000057109,Сумська,сільська,Миколаївська сільська громада,UA59080150010050056,Миколаївка,50.9395138,34.3729195,33.5,0
UA59080170000056499,Миропільська,UA59080000000057897,Сумський,UA59000000000057109,Сумська,сільська,Миропільська сільська громада,UA59080170010043659,Миропілля,51.0273334,35.2470264,50.6,0
UA59080190000095280,Нижньосироватська,UA59080000000057897,Сумський,UA59000000000057109,Сумська,сільська,Нижньосироватська сільська громада,UA59080190010051853,Нижня Сироватка,50.784302,34.829411,32.7,0
UA59080210000075243,Річківська,UA59080000000057897,Сумський,UA59000000000057109,Сумська,сільська,Річківська сільська громада,UA59080210010053357,Річки,51.1202488,34.4951996,42.0,0
UA59080230000084731,Садівська,UA59080000000057897,Сумський,UA59000000000057109,Сумська,сільська,Садівська сільська громада,UA59080230010027541,Сад,50.881664,34.71088,13.2,0
UA59080250000082875,Степанівська,UA59080000000057897,Сумський,UA59000000000057109,Сумська,селищна,Степанівська селищна громада,UA59080250010051865,Степанівка,50.9417042,34.6422099,15.3,0
UA59080270000073662,Сумська,UA59080000000057897,Сумський,UA59000000000057109,Сумська,міська,Сумська міська громада,UA59080270010036634,Суми,50.9119775,34.8027723,0.0,1
UA59080290000021284,Хотінська,UA59080000000057897,Сумський,UA59000000000057109,Сумська,селищна,Хотінська селищна громада,UA59080290010046940,Хотінь,51.0786763,34.78001,30.6,0
UA59080310000049988,Юнаківська,UA59080000000057897,Сумський,UA59000000000057109,Сумська,сільська,Юнаківська сільська громада,UA59080310010046655,Юнаківка,51.1227143,35.032302,45.2,0
UA59100010000064812,Березівська,UA59100000000036457,Шосткинський,UA59000000000057109,Сумська,сільська,Березівська сільська громада,UA59100010010091247,Береза,51.7311446,33.8753315,167.0,0
UA59100030000078744,Глухівська,UA59100000000036457,Шосткинський,UA59000000000057109,Сумська,міська,Глухівська міська громада,UA59100030010033445,Глухів,51.67831,33.9093,160.9,0
UA59100050000059594,Дружбівська,UA59100000000036457,Шосткинський,UA59000000000057109,Сумська,міська,Дружбівська міська громада,UA59100050010097062,Дружба,52.0476694,33.9429257,262.6,0
UA59100070000019079,Есманьська,UA59100000000036457,Шосткинський,UA59000000000057109,Сумська,селищна,Есманьська селищна громада,UA59100070010055907,Есмань,51.767231,34.06345,182.7,0
UA59100090000041284,Зноб-Новгородська,UA59100000000036457,Шосткинський,UA59000000000057109,Сумська,селищна,Зноб-Новгородська селищна громада,UA59100090010096036,Зноб-Новгородське,52.264019,33.598251,262.6,0
UA59100110000012703,Свеська,UA59100000000036457,Шосткинський,UA59000000000057109,Сумська,селищна,Свеська селищна громада,UA59100110010010275,Свеса,51.94816,33.93299,211.7,0
UA59100130000041016,Середино-Будська,UA59100000000036457,Шосткинський,UA59000000000057109,Сумська,міська,Середино-Будська міська громада,UA59100130010040668,Середина-Буда,52.1886906,34.0306022,300.7,0
UA59100150000074932,Шалигинська,UA59100000000036457,Шосткинський,UA59000000000057109,Сумська,селищна,Шалигинська селищна громада,UA59100150010020034,Шалигине,51.575661,34.099838,161.4,0
UA59100170000093676,Шосткинська,UA59100000000036457,Шосткинський,UA59000000000057109,Сумська,міська,Шосткинська міська громада,UA59100170010017917,Шостка,51.8643223,33.4728213,200.0,0
UA59100190000010734,Ямпільська,UA59100000000036457,Шосткинський,UA59000000000057109,Сумська,селищна,Ямпільська селищна громада,UA59100190010090128,Ямпіль,51.9481126,33.778454,224.3,0
UA61020010000028670,Борсуківська,UA61020000000016944,Кременецький,UA61000000000060328,Тернопільська,сільська,Борсуківська сільська громада,UA61020010010012160,Борсуки,49.88651,25.98335,67.0,0
UA61020030000060484,Великодедеркальська,UA61020000000016944,Кременецький,UA61000000000060328,Тернопільська,сільська,Великодедеркальська сільська громада,UA61020030010016697,Великі Дедеркали,50.0265257,26.1233693,82.0,0
UA61020050000098539,Вишнівецька,UA61020000000016944,Кременецький,UA61000000000060328,Тернопільська,селищна,Вишнівецька селищна громада,UA61020050010072200,Вишнівець,49.90162,25.75127,47.1,0
UA61020070000092368,Кременецька,UA61020000000016944,Кременецький,UA61000000000060328,Тернопільська,міська,Кременецька міська громада,UA61020070010067494,Кременець,50.0960966,25.7260783,70.8,0
UA61020090000020422,Лановецька,UA61020000000016944,Кременецький,UA61000000000060328,Тернопільська,міська,Лановецька міська громада,UA61020090010092599,Ланівці,49.8734191,26.0780148,58.9,0
UA61020110000084342,Лопушненська,UA61020000000016944,Кременецький,UA61000000000060328,Тернопільська,сільська,Лопушненська сільська громада,UA61020110010095359,Лопушне,49.92222,25.46734,68.4,0
UA61020130000037505,Почаївська,UA61020000000016944,Кременецький,UA61000000000060328,Тернопільська,міська,Почаївська міська громада,UA61020130010032621,Почаїв,50.0017638,25.5110926,81.7,0
UA61020150000036935,Шумська,UA61020000000016944,Кременецький,UA61000000000060328,Тернопільська,міська,Шумська міська громада,UA61020150010042611,Шумськ,50.1183638,26.1186214,98.8,0
UA61040010000042862,Байковецька,UA61040000000090285,Тернопільський,UA61000000000060328,Тернопільська,сільська,Байковецька сільська громада,UA61040010010041632,Байківці,49.5529251,25.6621317,11.7,0
UA61040030000060956,Бережанська,UA61040000000090285,Тернопільський,UA61000000000060328,Тернопільська,міська,Бережанська міська громада,UA61040030010016917,Бережани,49.4450296,24.938854,65.1,0
UA61040050000096355,Білецька,UA61040000000090285,Тернопільський,UA61000000000060328,Тернопільська,сільська,Білецька сільська громада,UA61040050010054651,Біла,49.5852204,25.57982,6.3,0
UA61040070000079091,Великоберезовицька,UA61040000000090285,Тернопільський,UA61000000000060328,Тернопільська,селищна,Великоберезовицька селищна громада,UA61040070010077050,Велика Березовиця,49.5019863,25.6112886,11.0,0
UA61040090000047241,Великобірківська,UA61040000000090285,Тернопільський,UA61000000000060328,Тернопільська,селищна,Великобірківська селищна громада,UA61040090010024752,Великі Бірки,49.5244111,25.7547038,19.5,0
UA61040110000010646,Великогаївська,UA61040000000090285,Тернопільський,UA61000000000060328,Тернопільська,сільська,Великогаївська сільська громада,UA61040110010023165,Великі Гаї,49.525681,25.638309,8.5,0
UA61040130000085402,Залозецька,UA61040000000090285,Тернопільський,UA61000000000060328,Тернопільська,селищна,Залозецька селищна громада,UA61040130010050614,Залізці,49.8022871,25.3836982,46.9,0
UA61040150000098181,Збаразька,UA61040000000090285,Тернопільський,UA61000000000060328,Тернопільська,міська,Збаразька міська громада,UA61040150010018110,Збараж,49.6607393,25.7768485,25.6,0
UA61040170000086062,Зборівська,UA61040000000090285,Тернопільський,UA61000000000060328,Тернопільська,міська,Зборівська міська громада,UA61040170010060494,Зборів,49.6645222,25.1386197,42.0,0
UA61040190000027979,Золотниківська,UA61040000000090285,Тернопільський,UA61000000000060328,Тернопільська,сільська,Золотниківська сільська громада,UA61040190010023959,Золотники,49.29256,25.37567,55.5,0
UA61040210000084270,Іванівська,UA61040000000090285,Тернопільський,UA61000000000060328,Тернопільська,сільська,Іванівська сільська громада,UA61040210010011611,Іванівка,49.27608,25.82851,58.5,0
UA61040230000060213,Козівська,UA61040000000090285,Тернопільський,UA61000000000060328,Тернопільська,селищна,Козівська селищна громада,UA61040230010032058,Козова,49.4332743,25.1484661,48.4,0
UA61040250000021345,Козлівська,UA61040000000090285,Тернопільський,UA61000000000060328,Тернопільська,селищна,Козлівська селищна громада,UA61040250010051560,Козлів,49.55658,25.33962,34.9,0
UA61040270000064661,Купчинецька,UA61040000000090285,Тернопільський,UA61000000000060328,Тернопільська,сільська,Купчинецька сільська громада,UA61040270010039610,Купчинці,49.45084,25.35645,33.1,0
UA61040290000047781,Микулинецька,UA61040000000090285,Тернопільський,UA61000000000060328,Тернопільська,селищна,Микулинецька селищна громада,UA61040290010086870,Микулинці,49.39968,25.60261,27.6,0
UA61040310000059301,Нараївська,UA61040000000090285,Тернопільський,UA61000000000060328,Тернопільська,сільська,Нараївська сільська громада,UA61040310010012711,Нараїв,49.5298,24.775539,88.6,0
UA61040330000096161,Озернянська,UA61040000000090285,Тернопільський,UA61000000000060328,Тернопільська,сільська,Озернянська сільська громада,UA61040330010011376,Озерна,49.627991,25.33173,25.3,0
UA61040350000078247,Підволочиська,UA61040000000090285,Тернопільський,UA61000000000060328,Тернопільська,селищна,Підволочиська селищна громада,UA61040350010048866,Підволочиськ,49.531358,26.1440799,47.6,0
UA61040370000060170,Підгаєцька,UA61040000000090285,Тернопільський,UA61000000000060328,Тернопільська,міська,Підгаєцька міська громада,UA61040370010042063,Підгайці,49.2680238,25.1361578,74.2,0
UA61040390000066619,Підгороднянська,UA61040000000090285,Тернопільський,UA61000000000060328,Тернопільська,сільська,Підгороднянська сільська громада,UA61040390010054105,Підгородне,49.5386922,25.5198852,11.5,0
UA61040410000065219,Саранчуківська,UA61040000000090285,Тернопільський,UA61000000000060328,Тернопільська,сільська,Саранчуківська сільська громада,UA61040410010025068,Саранчуки,49.35676,24.98428,76.3,0
UA61040430000018305,Скалатська,UA61040000000090285,Тернопільський,UA61000000000060328,Тернопільська,міська,Скалатська міська громада,UA61040430010057663,Скалат,49.4247925,25.9775084,39.4,0
UA61040450000064468,Скориківська,UA61040000000090285,Тернопільський,UA61000000000060328,Тернопільська,сільська,Скориківська сільська громада,UA61040450010027499,Скорики,49.59949,26.13888,60.7,0
UA61040470000038207,Теребовлянська,UA61040000000090285,Тернопільський,UA61000000000060328,Тернопільська,міська,Теребовлянська міська громада,UA61040470010037126,Теребовля,49.2960742,25.692491,40.7,0
UA61040490000035010,Тернопільська,UA61040000000090285,Тернопільський,UA61000000000060328,Тернопільська,міська,Тернопільська міська громада,UA61040490010069060,Тернопіль,49.5557716,25.591886,0.0,1
UA61060010000070653,Білобожницька,UA61060000000068766,Чортківський,UA61000000000060328,Тернопільська,сільська,Білобожницька сільська громада,UA61060010010081773,Білобожниця,49.0487543,25.6754577,97.3,0
UA61060030000070527,Більче-Золотецька,UA61060000000068766,Чортківський,UA61000000000060328,Тернопільська,сільська,Більче-Золотецька сільська громада,UA61060030010076032,Більче-Золоте,48.7752966,25.8779034,125.4,0
UA61060050000068464,Борщівська,UA61060000000068766,Чортківський,UA61000000000060328,Тернопільська,міська,Борщівська міська громада,UA61060050010030430,Борщів,48.8025557,26.0401871,117.3,0
UA61060070000098188,Бучацька,UA61060000000068766,Чортківський,UA61000000000060328,Тернопільська,міська,Бучацька міська громада,UA61060070010075450,Бучач,49.0630503,25.389969,75.0,0
UA61060090000060396,Васильковецька,UA61060000000068766,Чортківський,UA61000000000060328,Тернопільська,сільська,Васильковецька сільська громада,UA61060090010056450,Васильківці,49.09275,26.07502,84.7,0
UA61060110000078824,Гримайлівська,UA61060000000068766,Чортківський,UA61000000000060328,Тернопільська,селищна,Гримайлівська селищна громада,UA61060110010011477,Гримайлів,49.33205,26.00979,52.2,0
UA61060130000045755,Гусятинська,UA61060000000068766,Чортківський,UA61000000000060328,Тернопільська,селищна,Гусятинська селищна громада,UA61060130010038635,Гусятин,49.0707755,26.1996027,91.4,0
UA61060150000032895,Заводська,UA61060000000068766,Чортківський,UA61000000000060328,Тернопільська,селищна,Заводська селищна громада,UA61060150010040817,Заводське,48.9995988,25.8551013,82.9,0
UA61060170000051011,Заліщицька,UA61060000000068766,Чортківський,UA61000000000060328,Тернопільська,міська,Заліщицька міська громада,UA61060170010057218,Заліщики,48.6402658,25.735898,132.1,0
UA61060190000016283,Золотопотіцька,UA61060000000068766,Чортківський,UA61000000000060328,Тернопільська,селищна,Золотопотіцька селищна громада,UA61060190010044378,Золотий Потік,48.90907,25.34271,101.9,0
UA61060210000021722,Іване-Пустенська,UA61060000000068766,Чортківський,UA61000000000060328,Тернопільська,сільська,Іване-Пустенська сільська громада,UA61060210010053243,Іване-Пусте,48.6450356,26.1868312,148.5,0
UA61060230000067504,Колиндянська,UA61060000000068766,Чортківський,UA61000000000060328,Тернопільська,сільська,Колиндянська сільська громада,UA61060230010063401,Колиндяни,48.96229,25.95314,91.7,0
UA61060250000062700,Копичинецька,UA61060000000068766,Чортківський,UA61000000000060328,Тернопільська,міська,Копичинецька міська громада,UA61060250010085416,Копичинці,49.1068616,25.9085276,70.3,0
UA61060270000084790,Коропецька,UA61060000000068766,Чортківський,UA61000000000060328,Тернопільська,селищна,Коропецька селищна громада,UA61060270010053491,Коропець,48.9331,25.17414,111.4,0
UA61060290000038953,Мельнице-Подільська,UA61060000000068766,Чортківський,UA61000000000060328,Тернопільська,селищна,Мельнице-Подільська селищна громада,UA61060290010018747,Мельниця-Подільська,48.60626,26.16428,152.4,0
UA61060310000061998,Монастириська,UA61060000000068766,Чортківський,UA61000000000060328,Тернопільська,міська,Монастириська міська громада,UA61060310010085741,Монастириська,49.0908395,25.1717816,85.6,0
UA61060330000041227,Нагірянська,UA61060000000068766,Чортківський,UA61000000000060328,Тернопільська,сільська,Нагірянська сільська громада,UA61060330010043776,Нагірянка,48.9362519,25.7400693,96.4,0
UA61060350000024021,Скала-Подільська,UA61060000000068766,Чортківський,UA61000000000060328,Тернопільська,селищна,Скала-Подільська селищна громада,UA61060350010027203,Скала-Подільська,48.846608,26.2016053,120.7,0
UA61060370000081851,Товстенська,UA61060000000068766,Чортківський,UA61000000000060328,Тернопільська,селищна,Товстенська селищна громада,UA61060370010041141,Товсте,48.84487,25.72586,108.9,0
UA61060390000013361,Трибухівська,UA61060000000068766,Чортківський,UA61000000000060328,Тернопільська,сільська,Трибухівська сільська громада,UA61060390010032955,Трибухівці,49.0436328,25.45807,78.9,0
UA61060410000092242,Хоростківська,UA61060000000068766,Чортківський,UA61000000000060328,Тернопільська,міська,Хоростківська міська громада,UA61060410010063308,Хоростків,49.2121531,25.9168525,70.9,0
UA61060430000094264,Чортківська,UA61060000000068766,Чортківський,UA61000000000060328,Тернопільська,міська,Чортківська міська громада,UA61060430010047348,Чортків,49.0160555,25.7925191,85.4,0
UA63020010000079018,Богодухівська,UA63020000000066931,Богодухівський,UA63000000000041885,Харківська,міська,Богодухівська міська громада,UA63020010010049442,Богодухів,50.1601711,35.5220539,65.3,0
UA63020030000094096,Валківська,UA63020000000066931,Богодухівський,UA63000000000041885,Харківська,міська,Валківська міська громада,UA63020030010038669,Валки,49.8305999,35.6088208,58.1,0
UA63020050000045982,Золочівська,UA63020000000066931,Богодухівський,UA63000000000041885,Харківська,селищна,Золочівська селищна громада,UA63020050010064235,Золочів,50.2790531,35.9824347,52.8,0
UA63020070000090466,Коломацька,UA63020000000066931,Богодухівський,UA63000000000041885,Харківська,селищна,Коломацька селищна громада,UA63020070010093510,Коломак,49.8436,35.31349,94.3,0
UA63020090000096294,Краснокутська,UA63020000000066931,Богодухівський,UA63000000000041885,Харківська,селищна,Краснокутська селищна громада,UA63020090010052615,Краснокутськ,50.0625892,35.1647821,107.3,0
UA63040010000010092,Балаклійська,UA63040000000023521,Ізюмський,UA63000000000041885,Харківська,міська,Балаклійська міська громада,UA63040010010039074,Балаклія,49.4521336,36.8397826,94.8,0
UA63040030000052515,Барвінківська,UA63040000000023521,Ізюмський,UA63000000000041885,Харківська,міська,Барвінківська міська громада,UA63040030010027594,Барвінкове,48.9070045,37.0287573,154.8,0
UA63040050000042831,Борівська,UA63040000000023521,Ізюмський,UA63000000000041885,Харківська,селищна,Борівська селищна громада,UA63040050010023832,Борова,49.3838133,37.6330137,172.8,0
UA63040070000092606,Донецька,UA63040000000023521,Ізюмський,UA63000000000041885,Харківська,селищна,Донецька селищна громада,UA63040070010054195,Донець,49.50817,36.57623,82.0,0
UA63040090000021240,Ізюмська,UA63040000000023521,Ізюмський,UA63000000000041885,Харківська,міська,Ізюмська міська громада,UA63040090010029555,Ізюм,49.1913721,37.2784125,110.1,0
UA63040110000053205,Куньєвська,UA63040000000023521,Ізюмський,UA63000000000041885,Харківська,сільська,Куньєвська сільська громада,UA63040110010083720,Куньє,49.392471,37.246738,94.4,0
UA63040130000098894,Оскільська,UA63040000000023521,Ізюмський,UA63000000000041885,Харківська,сільська,Оскільська сільська громада,UA63040130010024034,Оскіл,49.173799,37.4273429,125.2,0
UA63040150000053402,Савинська,UA63040000000023521,Ізюмський,UA63000000000041885,Харківська,селищна,Савинська селищна громада,UA63040150010069203,Савинці,49.39625,37.05036,99.6,0
UA63060010000015783,Зачепилівська,UA63060000000053698,Красноградський,UA63000000000041885,Харківська,селищна,Зачепилівська селищна громада,UA63060010010045022,Зачепилівка,49.1954572,35.2408676,119.7,0
UA63060030000041642,Кегичівська,UA63060000000053698,Красноградський,UA63000000000041885,Харківська,селищна,Кегичівська селищна громада,UA63060030010065613,Кегичівка,49.2862713,35.7694811,104.3,0
UA63060050000033240,Красноградська,UA63060000000053698,Красноградський,UA63000000000041885,Харківська,міська,Красноградська міська громада,UA63060050010042407,Красноград,49.3741326,35.4494234,84.2,0
UA63060070000031032,Наталинська,UA63060000000053698,Красноградський,UA63000000000041885,Харківська,сільська,Наталинська сільська громада,UA63060070010051737,Наталине,49.346809,35.47588,89.6,0
UA63060090000041888,Сахновщинська,UA63060000000053698,Красноградський,UA63000000000041885,Харківська,селищна,Сахновщинська селищна громада,UA63060090010068296,Сахновщина,49.1517351,35.875332,121.6,0
UA63060110000043554,Старовірівська,UA63060000000053698,Красноградський,UA63000000000041885,Харківська,сільська,Старовірівська сільська громада,UA63060110010039159,Старовірівка,49.55555,35.748138,67.4,0
UA63080010000040281,Великобурлуцька,UA63080000000032022,Куп’янський,UA63000000000041885,Харківська,селищна,Великобурлуцька селищна громада,UA63080010010090750,Великий Бурлук,50.05422,37.38939,136.0,0
UA63080030000019649,Вільхуватська,UA63080000000032022,Куп’янський,UA63000000000041885,Харківська,сільська,Вільхуватська сільська громада,UA63080030010070693,Вільхуватка,50.185158,37.5181193,163.3,0
UA63080050000048455,Дворічанська,UA63080000000032022,Куп’янський,UA63000000000041885,Харківська,селищна,Дворічанська селищна громада,UA63080050010081319,Дворічна,49.8509377,37.682613,140.7,0
UA63080070000080622,Кіндрашівська,UA63080000000032022,Куп’янський,UA63000000000041885,Харківська,сільська,Кіндрашівська сільська громада,UA63080070010082928,Кіндрашівка,49.769779,37.586632,130.8,0
UA63080090000067457,Куп’янська,UA63080000000032022,Куп’янський,UA63000000000041885,Харківська,міська,Куп’янська міська громада,UA63080090010026457,Куп’янськ,49.7132963,37.6141992,118.8,0
UA63080110000021737,Курилівська,UA63080000000032022,Куп’янський,UA63000000000041885,Харківська,сільська,Курилівська сільська громада,UA63080110010029117,Курилівка,49.6604248,37.6984775,130.2,0
UA63080130000077600,Петропавлівська,UA63080000000032022,Куп’янський,UA63000000000041885,Харківська,сільська,Петропавлівська сільська громада,UA63080130010073205,Петропавлівка,49.7165773,37.7192491,126.4,0
UA63080150000094794,Шевченківська,UA63080000000032022,Куп’янський,UA63000000000041885,Харківська,селищна,Шевченківська селищна громада,UA63080150010082504,Шевченкове,49.6949729,37.1753112,84.1,0
UA63100010000016136,Біляївська,UA63100000000059237,Лозівський,UA63000000000041885,Харківська,сільська,Біляївська сільська громада,UA63100010010069243,Біляївка,49.26566055,36.3094626143977,103.2,0
UA63100030000050119,Близнюківська,UA63100000000059237,Лозівський,UA63000000000041885,Харківська,селищна,Близнюківська селищна громада,UA63100030010050961,Близнюки,48.85311,36.55186,165.3,0
UA63100050000079487,Лозівська,UA63100000000059237,Лозівський,UA63000000000041885,Харківська,міська,Лозівська міська громада,UA63100050010081626,Лозова,48.8842428,36.3160254,146.4,0
UA63100070000048302,Олексіївська,UA63100000000059237,Лозівський,UA63000000000041885,Харківська,сільська,Олексіївська сільська громада,UA63100070010078558,Олексіївка,49.394455,36.284039,95.0,0
UA63100090000052019,Первомайська,UA63100000000059237,Лозівський,UA63000000000041885,Харківська,міська,Первомайська міська громада,UA63100090010068250,Первомайський,49.37393,36.22089,89.5,0
UA63120010000021682,Безлюдівська,UA63120000000091135,Харківський,UA63000000000041885,Харківська,селищна,Безлюдівська селищна громада,UA63120010010021177,Безлюдівка,49.87072,36.29848,23.7,0
UA63120030000035245,Височанська,UA63120000000091135,Харківський,UA63000000000041885,Харківська,селищна,Височанська селищна громада,UA63120030010022850,Високий,49.8911681,36.1286649,24.6,0
UA63120050000019867,Вільхівська,UA63120000000091135,Харківський,UA63000000000041885,Харківська,сільська,Вільхівська сільська громада,UA63120050010080795,Вільхівка,49.98745,36.513748,35.7,0
UA63120070000018741,Дергачівська,UA63120000000091135,Харківський,UA63000000000041885,Харківська,міська,Дергачівська міська громада,UA63120070010085847,Дергачі,50.107307,36.1205965,24.6,0
UA63120090000046130,Липецька,UA63120000000091135,Харківський,UA63000000000041885,Харківська,сільська,Липецька сільська громада,UA63120090010039403,Липці,50.203121,36.422314,56.0,0
UA63120110000043456,Люботинська,UA63120000000091135,Харківський,UA63000000000041885,Харківська,міська,Люботинська міська громада,UA63120110010087291,Люботин,49.9435604,35.9185185,33.6,0
UA63120130000010762,Малоданилівська,UA63120000000091135,Харківський,UA63000000000041885,Харківська,селищна,Малоданилівська селищна громада,UA63120130010037422,Мала Данилівка,50.0561227,36.1706244,14.9,0
UA63120150000086206,Мереф’янська,UA63120000000091135,Харківський,UA63000000000041885,Харківська,міська,Мереф’янська міська громада,UA63120150010020962,Мерефа,49.8183386,36.0628675,32.3,0
UA63120170000093573,Нововодолазька,UA63120000000091135,Харківський,UA63000000000041885,Харківська,селищна,Нововодолазька селищна громада,UA63120170010054489,Нова Водолага,49.7181212,35.8601594,48.4,0
UA63120190000093717,Південноміська,UA63120000000091135,Харківський,UA63000000000041885,Харківська,міська,Південноміська міська громада,UA63120190010022795,Південне,49.8847449,36.0666511,31.1,0
UA63120210000075842,Пісочинська,UA63120000000091135,Харківський,UA63000000000041885,Харківська,селищна,Пісочинська селищна громада,UA63120210010032897,Пісочин,49.9622881,36.1239316,12.7,0
UA63120230000080742,Роганська,UA63120000000091135,Харківський,UA63000000000041885,Харківська,селищна,Роганська селищна громада,UA63120230010032001,Рогань,49.9035,36.479103,30.5,0
UA63120250000081463,Солоницівська,UA63120000000091135,Харківський,UA63000000000041885,Харківська,селищна,Солоницівська селищна громада,UA63120250010071938,Солоницівка,49.984881,36.0681717,18.1,0
UA63120270000028556,Харківська,UA63120000000091135,Харківський,UA63000000000041885,Харківська,міська,Харківська міська громада,UA63120270010096107,Харків,49.9923181,36.2310146,0.0,1
UA63120290000021734,Циркунівська,UA63120000000091135,Харківський,UA63000000000041885,Харківська,сільська,Циркунівська сільська громада,UA63120290010028715,Циркуни,50.08289,36.385342,25.3,0
UA63140010000049419,Вовчанська,UA63140000000096278,Чугуївський,UA63000000000041885,Харківська,міська,Вовчанська міська громада,UA63140010010035757,Вовчанськ,50.2928843,36.9370028,135.9,0
UA63140030000091352,Зміївська,UA63140000000096278,Чугуївський,UA63000000000041885,Харківська,міська,Зміївська міська громада,UA63140030010017037,Зміїв,49.6815177,36.354776,47.8,0
UA63140050000096783,Малинівська,UA63140000000096278,Чугуївський,UA63000000000041885,Харківська,селищна,Малинівська селищна громада,UA63140050010015082,Малинівка,49.8006602,36.7180703,55.6,0
UA63140070000015310,Новопокровська,UA63140000000096278,Чугуївський,UA63000000000041885,Харківська,селищна,Новопокровська селищна громада,UA63140070010074147,Новопокровка,49.8377053,36.5549759,43.7,0
UA63140090000052369,Печенізька,UA63140000000096278,Чугуївський,UA63000000000041885,Харківська,селищна,Печенізька селищна громада,UA63140090010022976,Печеніги,49.865444,36.9391629,72.3,0
UA63140110000087562,Слобожанська,UA63140000000096278,Чугуївський,UA63000000000041885,Харківська,селищна,Слобожанська селищна громада,UA63140110010076882,Слобожанське,49.5989864,36.5242153,69.2,0
UA63140130000029212,Старосалтівська,UA63140000000096278,Чугуївський,UA63000000000041885,Харківська,селищна,Старосалтівська селищна громада,UA63140130010025719,Старий Салтів,50.0760423,36.7936724,53.5,0
UA63140150000093944,Чкаловська,UA63140000000096278,Чугуївський,UA63000000000041885,Харківська,селищна,Чкаловська селищна громада,UA63140150010051841,Чкаловське,49.7154088,36.9345851,70.0,0
UA63140170000087785,Чугуївська,UA63140000000096278,Чугуївський,UA63000000000041885,Харківська,міська,Чугуївська міська громада,UA63140170010036104,Чугуїв,49.8363648,36.6898157,44.8,0
UA65020010000060480,Бериславська,UA65020000000032929,Бериславський,UA65000000000030969,Херсонська,міська,Бериславська міська громада,UA65020010010095508,Берислав,46.8357749,33.416743,127.6,0
UA65020030000094118,Борозенська,UA65020000000032929,Бериславський,UA65000000000030969,Херсонська,сільська,Борозенська сільська громада,UA65020030010077740,Борозенське,47.17358,33.42384,166.6,0
UA65020050000086746,Великоолександрівська,UA65020000000032929,Бериславський,UA65000000000030969,Херсонська,селищна,Великоолександрівська селищна громада,UA65020050010075556,Велика Олександрівка,47.3159392,33.2997671,159.0,0
UA65020070000029027,Високопільська,UA65020000000032929,Бериславський,UA65000000000030969,Херсонська,селищна,Високопільська селищна громада,UA65020070010049455,Високопілля,47.4933112,33.528245,198.7,0
UA65020090000016354,Калинівська,UA65020000000032929,Бериславський,UA65000000000030969,Херсонська,селищна,Калинівська селищна громада,UA65020090010062154,Калинівське,47.114868,32.974091,131.7,0
UA65020110000081240,Кочубеївська,UA65020000000032929,Бериславський,UA65000000000030969,Херсонська,сільська,Кочубеївська сільська громада,UA65020110010074725,Кочубеївка,47.496677,33.212185,215.6,0
UA65020130000012731,Милівська,UA65020000000032929,Бериславський,UA65000000000030969,Херсонська,сільська,Милівська сільська громада,UA65020130010057969,Милове,47.0680292,33.6281919,166.0,0
UA65020150000047137,Нововоронцовська,UA65020000000032929,Бериславський,UA65000000000030969,Херсонська,селищна,Нововоронцовська селищна громада,UA65020150010061497,Нововоронцовка,47.4957983,33.9198174,252.3,0
UA65020170000056973,Новоолександрівська,UA65020000000032929,Бериславський,UA65000000000030969,Херсонська,сільська,Новоолександрівська сільська громада,UA65020170010016754,Новоолександрівка,47.267643,33.874374,245.0,0
UA65020190000013272,Новорайська,UA65020000000032929,Бериславський,UA65000000000030969,Херсонська,сільська,Новорайська сільська громада,UA65020190010048952,Новорайськ,47.01033,33.48671,161.2,0
UA65020210000085773,Тягинська,UA65020000000032929,Бериславський,UA65000000000030969,Херсонська,сільська,Тягинська сільська громада,UA65020210010059236,Тягинка,46.776348,33.059231,108.6,0
UA65040010000061104,Генічеська,UA65040000000088940,Генічеський,UA65000000000030969,Херсонська,міська,Генічеська міська громада,UA65040010010040633,Генічеськ,46.1661695,34.8088828,235.8,0
UA65040030000056170,Іванівська,UA65040000000088940,Генічеський,UA65000000000030969,Херсонська,селищна,Іванівська селищна громада,UA65040030010022975,Іванівка,46.70837,34.54479,168.6,0
UA65040050000029613,Нижньосірогозька,UA65040000000088940,Генічеський,UA65000000000030969,Херсонська,селищна,Нижньосірогозька селищна громада,UA65040050010011350,Нижні Сірогози,46.8457,34.37725,153.7,0
UA65040070000086673,Новотроїцька,UA65040000000088940,Генічеський,UA65000000000030969,Херсонська,селищна,Новотроїцька селищна громада,UA65040070010074923,Новотроїцьке,46.3558121,34.3363579,193.1,0
UA65060010000033335,Асканія-Нова,UA65060000000061947,Каховський,UA65000000000030969,Херсонська,селищна,Асканія-Нова селищна громада,UA65060010010039556,Асканія-Нова,46.4511096,33.8685565,165.3,0
UA65060030000075716,Великолепетиська,UA65060000000061947,Каховський,UA65000000000030969,Херсонська,селищна,Великолепетиська селищна громада,UA65060030010012132,Велика Лепетиха,47.178599,33.9428266,190.2,0
UA65060050000022914,Верхньорогачицька,UA65060000000061947,Каховський,UA65000000000030969,Херсонська,селищна,Верхньорогачицька селищна громада,UA65060050010099394,Верхній Рогачик,47.2569402,34.3339303,207.4,0
UA65060070000037346,Горностаївська,UA65060000000061947,Каховський,UA65000000000030969,Херсонська,селищна,Горностаївська селищна громада,UA65060070010078402,Горностаївка,47.00706,33.7317445,155.0,0
UA65060090000037720,Зеленопідська,UA65060000000061947,Каховський,UA65000000000030969,Херсонська,сільська,Зеленопідська сільська громада,UA65060090010025674,Зелений Під,46.6776024,33.7825062,113.4,0
UA65060110000017055,Каховська,UA65060000000061947,Каховський,UA65000000000030969,Херсонська,міська,Каховська міська громада,UA65060110010021041,Каховка,46.8054626,33.4817825,102.5,0
UA65060130000026961,Костянтинівська,UA65060000000061947,Каховський,UA65000000000030969,Херсонська,сільська,Костянтинівська сільська громада,UA65060130010060241,Костянтинівка,46.83025,33.86639,143.0,0
UA65060150000054200,Любимівська,UA65060000000061947,Каховський,UA65000000000030969,Херсонська,селищна,Любимівська селищна громада,UA65060150010078664,Любимівка,46.8115514,33.5646046,112.0,0
UA65060170000032937,Новокаховська,UA65060000000061947,Каховський,UA65000000000030969,Херсонська,міська,Новокаховська міська громада,UA65060170010075325,Нова Каховка,46.7583404,33.3566678,96.5,0
UA65060190000091058,Присиваська,UA65060000000061947,Каховський,UA65000000000030969,Херсонська,сільська,Присиваська сільська громада,UA65060190010016416,Григорівка,46.28986,33.73524,166.3,0
UA65060210000049771,Рубанівська,UA65060000000061947,Каховський,UA65000000000030969,Херсонська,сільська,Рубанівська сільська громада,UA65060210010083832,Рубанівка,47.002258,34.15546,178.7,0
UA65060230000076026,Тавричанська,UA65060000000061947,Каховський,UA65000000000030969,Херсонська,сільська,Тавричанська сільська громада,UA65060230010081833,Тавричанка,46.5515874,33.8199563,143.1,0
UA65060250000073379,Таврійська,UA65060000000061947,Каховський,UA65000000000030969,Херсонська,міська,Таврійська міська громада,UA65060250010044738,Таврійськ,46.7550442,33.4248309,93.8,0
UA65060270000020124,Хрестівська,UA65060000000061947,Каховський,UA65000000000030969,Херсонська,сільська,Хрестівська сільська громада,UA65060270010031477,Хрестівка,46.402821,33.717041,152.2,0
UA65060290000041992,Чаплинська,UA65060000000061947,Каховський,UA65000000000030969,Херсонська,селищна,Чаплинська селищна громада,UA65060290010083205,Чаплинка,46.3617756,33.5380219,142.4,0
UA65080010000062554,Бехтерська,UA65080000000090947,Скадовський,UA65000000000030969,Херсонська,сільська,Бехтерська сільська громада,UA65080010010013977,Бехтери,46.2458348,32.2929002,94.4,0
UA65080030000058401,Голопристанська,UA65080000000090947,Скадовський,UA65000000000030969,Херсонська,міська,Голопристанська міська громада,UA65080030010035864,Гола Пристань,46.5320381,32.5345028,55.8,0
UA65080050000077041,Долматівська,UA65080000000090947,Скадовський,UA65000000000030969,Херсонська,сільська,Долматівська сільська громада,UA65080050010021854,Долматівка,46.215474,32.4573135,101.4,0
UA65080070000011930,Каланчацька,UA65080000000090947,Скадовський,UA65000000000030969,Херсонська,селищна,Каланчацька селищна громада,UA65080070010032201,Каланчак,46.257184,33.2843632,100.8,0
UA65080090000034188,Лазурненська,UA65080000000090947,Скадовський,UA65000000000030969,Херсонська,селищна,Лазурненська селищна громада,UA65080090010077121,Лазурне,46.0861011,32.5275975,135.1,0
UA65080110000032706,Мирненська,UA65080000000090947,Скадовський,UA65000000000030969,Херсонська,селищна,Мирненська селищна громада,UA65080110010067645,Мирне,46.246253,33.4684744,135.2,0
UA65080130000090391,Новомиколаївська,UA65080000000090947,Скадовський,UA65000000000030969,Херсонська,сільська,Новомиколаївська сільська громада,UA65080130010011997,Новомиколаївка,46.22635,32.73582,90.8,0
UA65080150000042499,Скадовська,UA65080000000090947,Скадовський,UA65000000000030969,Херсонська,міська,Скадовська міська громада,UA65080150010023642,Скадовськ,46.1203932,32.910339,108.1,0
UA65080170000067222,Чулаківська,UA65080000000090947,Скадовський,UA65000000000030969,Херсонська,сільська,Чулаківська сільська громада,UA65080170010099065,Чулаківка,46.361961,32.358509,84.7,0
UA65100010000048953,Білозерська,UA65100000000029736,Херсонський,UA65000000000030969,Херсонська,селищна,Білозерська селищна громада,UA65100010010090594,Білозерка,46.63078,32.44537,24.9,0
UA65100030000028786,Великокопанівська,UA65100000000029736,Херсонський,UA65000000000030969,Херсонська,сільська,Великокопанівська сільська громада,UA65100030010071729,Великі Копані,46.488186,32.978374,59.1,0
UA65100050000017921,Виноградівська,UA65100000000029736,Херсонський,UA65000000000030969,Херсонська,сільська,Виноградівська сільська громада,UA65100050010037227,Виноградове,46.371922,32.939411,84.7,0
UA65100070000064512,Дар’ївська,UA65100000000029736,Херсонський,UA65000000000030969,Херсонська,сільська,Дар’ївська сільська громада,UA65100070010084602,Дар’ївка,46.7482855,32.7930469,32.2,0
UA65100090000097337,Музиківська,UA65100000000029736,Херсонський,UA65000000000030969,Херсонська,сільська,Музиківська сільська громада,UA65100090010083425,Музиківка,46.752075,32.556637,26.2,0
UA65100110000015344,Олешківська,UA65100000000029736,Херсонський,UA65000000000030969,Херсонська,міська,Олешківська міська громада,UA65100110010019482,Олешки,46.6260908,32.7220187,35.2,0
UA65100130000084882,Станіславська,UA65100000000029736,Херсонський,UA65000000000030969,Херсонська,сільська,Станіславська сільська громада,UA65100130010098730,Станіслав,46.5798817,32.1491826,60.4,0
UA65100150000057191,Херсонська,UA65100000000029736,Херсонський,UA65000000000030969,Херсонська,міська,Херсонська міська громада,UA65100150010064384,Херсон,46.6412644,32.625794,0.0,1
UA65100170000014054,Чорнобаївська,UA65100000000029736,Херсонський,UA65000000000030969,Херсонська,сільська,Чорнобаївська сільська громада,UA65100170010020440,Чорнобаївка,46.6926512,32.5455178,18.7,0
UA65100190000073217,Ювілейна,UA65100000000029736,Херсонський,UA65000000000030969,Херсонська,сільська,Ювілейна сільська громада,UA65100190010037933,Ювілейне,46.48584,33.212002,92.0,0
UA68020010000017180,Гуківська,UA68020000000016021,Кам’янець-Подільський,UA68000000000099709,Хмельницька,сільська,Гуківська сільська громада,UA68020010010091918,Гуків,48.847858,26.238096,129.6,0
UA68020030000032574,Гуменецька,UA68020000000016021,Кам’янець-Подільський,UA68000000000099709,Хмельницька,сільська,Гуменецька сільська громада,UA68020030010035532,Гуменці,48.75877595,26.6191037579288,97.7,0
UA68020050000040518,Дунаєвецька,UA68020000000016021,Кам’янець-Подільський,UA68000000000099709,Хмельницька,міська,Дунаєвецька міська громада,UA68020050010075833,Дунаївці,48.886649,26.8476798,70.3,0
UA68020070000084437,Жванецька,UA68020000000016021,Кам’янець-Подільський,UA68000000000099709,Хмельницька,сільська,Жванецька сільська громада,UA68020070010046973,Жванець,48.550991,26.488041,131.8,0
UA68020090000037732,Закупненська,UA68020000000016021,Кам’янець-Подільський,UA68000000000099709,Хмельницька,селищна,Закупненська селищна громада,UA68020090010060988,Закупне,49.1205929,26.3381922,83.5,0
UA68020110000071202,Кам’янець-Подільська,UA68020000000016021,Кам’янець-Подільський,UA68000000000099709,Хмельницька,міська,Кам’янець-Подільська міська громада,UA68020110010097898,Кам’янець-Подільський,48.6879663,26.6019747,108.9,0
UA68020130000052994,Китайгородська,UA68020000000016021,Кам’янець-Подільський,UA68000000000099709,Хмельницька,сільська,Китайгородська сільська громада,UA68020130010057096,Китайгород,48.646431,26.797029,133.3,0
UA68020150000089666,Маківська,UA68020000000016021,Кам’янець-Подільський,UA68000000000099709,Хмельницька,сільська,Маківська сільська громада,UA68020150010069683,Маків,48.795036,26.691282,90.3,0
UA68020170000033495,Новодунаєвецька,UA68020000000016021,Кам’янець-Подільський,UA68000000000099709,Хмельницька,селищна,Новодунаєвецька селищна громада,UA68020170010098306,Дунаївці,49.02305,26.84338,59.3,0
UA68020190000052031,Новоушицька,UA68020000000016021,Кам’янець-Подільський,UA68000000000099709,Хмельницька,селищна,Новоушицька селищна громада,UA68020190010042454,Нова Ушиця,48.83062,27.26678,103.2,0
UA68020210000024765,Орининська,UA68020000000016021,Кам’янець-Подільський,UA68000000000099709,Хмельницька,сільська,Орининська сільська громада,UA68020210010022399,Оринин,48.7600952,26.3885598,126.7,0
UA68020230000069135,Слобідсько-Кульчієвецька,UA68020000000016021,Кам’янець-Подільський,UA68000000000099709,Хмельницька,сільська,Слобідсько-Кульчієвецька сільська громада,UA68020230010034744,Слобідка-Кульчієвецька,48.66222,26.645969,115.6,0
UA68020250000080044,Смотрицька,UA68020000000016021,Кам’янець-Подільський,UA68000000000099709,Хмельницька,селищна,Смотрицька селищна громада,UA68020250010018971,Смотрич,48.94993,26.55808,93.3,0
UA68020270000040572,Староушицька,UA68020000000016021,Кам’янець-Подільський,UA68000000000099709,Хмельницька,селищна,Староушицька селищна громада,UA68020270010013920,Стара Ушиця,48.5970533,27.0742366,141.3,0
UA68020290000026103,Чемеровецька,UA68020000000016021,Кам’янець-Подільський,UA68000000000099709,Хмельницька,селищна,Чемеровецька селищна громада,UA68020290010030473,Чемерівці,49.0087176,26.3405624,96.8,0
UA68040010000025276,Антонінська,UA68040000000086061,Хмельницький,UA68000000000099709,Хмельницька,селищна,Антонінська селищна громада,UA68040010010057514,Антоніни,49.81029,26.86466,76.5,0
UA68040030000027335,Вiйтовецька,UA68040000000086061,Хмельницький,UA68000000000099709,Хмельницька,селищна,Вiйтовецька селищна громада,UA68040030010028083,Війтівці,49.4932735,26.4448161,38.1,0
UA68040050000052367,Віньковецька,UA68040000000086061,Хмельницький,UA68000000000099709,Хмельницька,селищна,Віньковецька селищна громада,UA68040050010054032,Віньківці,49.0347398,27.2320952,78.3,0
UA68040070000035730,Вовковинецька,UA68040000000086061,Хмельницький,UA68000000000099709,Хмельницька,селищна,Вовковинецька селищна громада,UA68040070010049786,Вовковинці,49.2073568,27.6559732,77.0,0
UA68040090000087566,Волочиська,UA68040000000086061,Хмельницький,UA68000000000099709,Хмельницька,міська,Волочиська міська громада,UA68040090010095929,Волочиськ,49.5358446,26.2126215,54.1,0
UA68040110000011931,Гвардійська,UA68040000000086061,Хмельницький,UA68000000000099709,Хмельницька,сільська,Гвардійська сільська громада,UA68040110010090588,Гвардійське,49.33617,26.70948,27.7,0
UA68040130000024471,Городоцька,UA68040000000086061,Хмельницький,UA68000000000099709,Хмельницька,міська,Городоцька міська громада,UA68040130010039416,Городок,49.1652124,26.5865127,59.2,0
UA68040150000077185,Деражнянська,UA68040000000086061,Хмельницький,UA68000000000099709,Хмельницька,міська,Деражнянська міська громада,UA68040150010024820,Деражня,49.2688322,27.4327085,51.2,0
UA68040170000061140,Заслучненська,UA68040000000086061,Хмельницький,UA68000000000099709,Хмельницька,сільська,Заслучненська сільська громада,UA68040170010094308,Заслучне,49.6637,26.77162,60.0,0
UA68040190000021840,Зіньківська,UA68040000000086061,Хмельницький,UA68000000000099709,Хмельницька,сільська,Зіньківська сільська громада,UA68040190010072586,Зіньків,49.0925182,27.0734795,60.5,0
UA68040210000089917,Красилівська,UA68040000000086061,Хмельницький,UA68000000000099709,Хмельницька,міська,Красилівська міська громада,UA68040210010032567,Красилів,49.6544431,26.9709084,40.5,0
UA68040230000081901,Летичівська,UA68040000000086061,Хмельницький,UA68000000000099709,Хмельницька,селищна,Летичівська селищна громада,UA68040230010042708,Летичів,49.38286,27.62306,52.9,0
UA68040250000053378,Лісовогринівецька,UA68040000000086061,Хмельницький,UA68000000000099709,Хмельницька,сільська,Лісовогринівецька сільська громада,UA68040250010044651,Лісові Гринівці,49.48061,27.021765,13.3,0
UA68040270000072985,Меджибізька,UA68040000000086061,Хмельницький,UA68000000000099709,Хмельницька,селищна,Меджибізька селищна громада,UA68040270010024069,Меджибіж,49.4367227,27.404104,41.3,0
UA68040290000010822,Миролюбненська,UA68040000000086061,Хмельницький,UA68000000000099709,Хмельницька,сільська,Миролюбненська сільська громада,UA68040290010094924,Миролюбне,49.65752,27.198721,43.4,0
UA68040310000052042,Наркевицька,UA68040000000086061,Хмельницький,UA68000000000099709,Хмельницька,селищна,Наркевицька селищна громада,UA68040310010048596,Наркевичі,49.5180971,26.6367935,38.7,0
UA68040330000086970,Розсошанська,UA68040000000086061,Хмельницький,UA68000000000099709,Хмельницька,сільська,Розсошанська сільська громада,UA68040330010062625,Розсоша,49.339939,26.88698,21.2,0
UA68040350000083350,Сатанівська,UA68040000000086061,Хмельницький,UA68000000000099709,Хмельницька,селищна,Сатанівська селищна громада,UA68040350010034020,Сатанів,49.2485345,26.2484407,69.3,0
UA68040370000082743,Солобковецька,UA68040000000086061,Хмельницький,UA68000000000099709,Хмельницька,сільська,Солобковецька сільська громада,UA68040370010023741,Солобківці,49.082451,26.907921,46.0,0
UA68040390000011141,Старокостянтинівська,UA68040000000086061,Хмельницький,UA68000000000099709,Хмельницька,міська,Старокостянтинівська міська громада,UA68040390010084208,Старокостянтинів,49.756163,27.2087889,45.4,0
UA68040410000062890,Староостропільська,UA68040000000086061,Хмельницький,UA68000000000099709,Хмельницька,сільська,Староостропільська сільська громада,UA68040410010054966,Старий Остропіль,49.807892,27.559225,76.5,0
UA68040430000052699,Старосинявська,UA68040000000086061,Хмельницький,UA68000000000099709,Хмельницька,селищна,Старосинявська селищна громада,UA68040430010074138,Стара Синява,49.5971513,27.615815,81.5,0
UA68040450000097735,Теофіпольська,UA68040000000086061,Хмельницький,UA68000000000099709,Хмельницька,селищна,Теофіпольська селищна громада,UA68040450010085283,Теофіполь,49.84463,26.41525,90.4,0
UA68040470000053519,Хмельницька,UA68040000000086061,Хмельницький,UA68000000000099709,Хмельницька,міська,Хмельницька міська громада,UA68040470010096613,Хмельницький,49.4196404,26.9793793,0.0,1
UA68040490000093353,Чорноострівська,UA68040000000086061,Хмельницький,UA68000000000099709,Хмельницька,селищна,Чорноострівська селищна громада,UA68040490010048380,Чорний Острів,49.5050201,26.756082,25.8,0
UA68040510000019366,Щиборівська,UA68040000000086061,Хмельницький,UA68000000000099709,Хмельницька,сільська,Щиборівська сільська громада,UA68040510010099288,Щиборівка,49.671249,27.026369,42.1,0
UA68040530000044109,Ярмолинецька,UA68040000000086061,Хмельницький,UA68000000000099709,Хмельницька,селищна,Ярмолинецька селищна громада,UA68040530010073509,Ярмолинці,49.19266,26.8372,32.4,0
UA68060010000056690,Берездівська,UA68060000000040570,Шепетівський,UA68000000000099709,Хмельницька,сільська,Берездівська сільська громада,UA68060010010034051,Берездів,50.460449,27.116673,155.6,0
UA68060030000077318,Білогірська,UA68060000000040570,Шепетівський,UA68000000000099709,Хмельницька,селищна,Білогірська селищна громада,UA68060030010060271,Білогір’я,50.0019489,26.4166916,111.4,0
UA68060050000037587,Ганнопільська,UA68060000000040570,Шепетівський,UA68000000000099709,Хмельницька,сільська,Ганнопільська сільська громада,UA68060050010068696,Ганнопіль,50.4526337,26.8975265,132.5,0
UA68060070000048275,Грицівська,UA68060000000040570,Шепетівський,UA68000000000099709,Хмельницька,селищна,Грицівська селищна громада,UA68060070010054538,Гриців,49.9719121,27.2168089,69.4,0
UA68060090000093924,Ізяславська,UA68060000000040570,Шепетівський,UA68000000000099709,Хмельницька,міська,Ізяславська міська громада,UA68060090010061527,Ізяслав,50.1194691,26.8207625,99.9,0
UA68060110000046608,Крупецька,UA68060000000040570,Шепетівський,UA68000000000099709,Хмельницька,сільська,Крупецька сільська громада,UA68060110010014383,Крупець,50.33339,26.8057477,120.4,0
UA68060130000034298,Ленковецька,UA68060000000040570,Шепетівський,UA68000000000099709,Хмельницька,сільська,Ленковецька сільська громада,UA68060130010079473,Ленківці,50.013626,27.07008,75.6,0
UA68060150000029549,Михайлюцька,UA68060000000040570,Шепетівський,UA68000000000099709,Хмельницька,сільська,Михайлюцька сільська громада,UA68060150010054551,Михайлючка,50.288891,27.31098,135.8,0
UA68060170000075276,Нетішинська,UA68060000000040570,Шепетівський,UA68000000000099709,Хмельницька,міська,Нетішинська міська громада,UA68060170010043609,Нетішин,50.3338348,26.6496599,137.6,0
UA68060190000075749,Плужненська,UA68060000000040570,Шепетівський,UA68000000000099709,Хмельницька,сільська,Плужненська сільська громада,UA68060190010049660,Плужне,50.1804274,26.5625722,130.2,0
UA68060210000095851,Полонська,UA68060000000040570,Шепетівський,UA68000000000099709,Хмельницька,міська,Полонська міська громада,UA68060210010068447,Полонне,50.1194505,27.5085733,106.5,0
UA68060230000028195,Понінківська,UA68060000000040570,Шепетівський,UA68000000000099709,Хмельницька,селищна,Понінківська селищна громада,UA68060230010098831,Понінка,50.19138,27.56126,121.1,0
UA68060250000078635,Сахновецька,UA68060000000040570,Шепетівський,UA68000000000099709,Хмельницька,сільська,Сахновецька сільська громада,UA68060250010058571,Сахнівці,49.97406,26.851959,92.6,0
UA68060270000042174,Славутська,UA68060000000040570,Шепетівський,UA68000000000099709,Хмельницька,міська,Славутська міська громада,UA68060270010040268,Славута,50.2962398,26.8658254,114.1,0
UA68060290000039941,Судилківська,UA68060000000040570,Шепетівський,UA68000000000099709,Хмельницька,сільська,Судилківська сільська громада,UA68060290010082864,Судилків,50.16930785,27.1400834691813,103.7,0
UA68060310000022172,Улашанівська,UA68060000000040570,Шепетівський,UA68000000000099709,Хмельницька,сільська,Улашанівська сільська громада,UA68060310010064784,Улашанівка,50.3421995,26.8585526,119.3,0
UA68060330000029010,Шепетівська,UA68060000000040570,Шепетівський,UA68000000000099709,Хмельницька,міська,Шепетівська міська громада,UA68060330010023704,Шепетівка,50.1809437,27.0651783,95.9,0
UA68060350000035460,Ямпільська,UA68060000000040570,Шепетівський,UA68000000000099709,Хмельницька,селищна,Ямпільська селищна громада,UA68060350010030995,Ямпіль,49.9562165,26.2274578,121.4,0
UA71020010000037786,Бужанська,UA71020000000057292,Звенигородський,UA71000000000010357,Черкаська,сільська,Бужанська сільська громада,UA71020010010048767,Бужанка,49.2363431,30.7457326,127.9,0
UA71020030000059581,Ватутінська,UA71020000000057292,Звенигородський,UA71000000000010357,Черкаська,міська,Ватутінська міська громада,UA71020030010075692,Ватутіне,49.0172494,31.0618502,99.6,0
UA71020050000074004,Виноградська,UA71020000000057292,Звенигородський,UA71000000000010357,Черкаська,сільська,Виноградська сільська громада,UA71020050010014665,Виноград,49.2379387,30.5494724,142.4,0
UA71020070000078820,Вільшанська,UA71020000000057292,Звенигородський,UA71000000000010357,Черкаська,селищна,Вільшанська селищна громада,UA71020070010074773,Вільшана,49.2164667,31.2114781,98.2,0
UA71020090000047211,Водяницька,UA71020000000057292,Звенигородський,UA71000000000010357,Черкаська,сільська,Водяницька сільська громада,UA71020090010017096,Водяники,49.127769,30.77648,116.0,0
UA71020110000015834,Єрківська,UA71020000000057292,Звенигородський,UA71000000000010357,Черкаська,селищна,Єрківська селищна громада,UA71020110010072711,Єрки,48.98357,30.99449,106.4,0
UA71020130000086047,Звенигородська,UA71020000000057292,Звенигородський,UA71000000000010357,Черкаська,міська,Звенигородська міська громада,UA71020130010081908,Звенигородка,49.0767158,30.96138,98.9,0
UA71020150000082849,Катеринопільська,UA71020000000057292,Звенигородський,UA71000000000010357,Черкаська,селищна,Катеринопільська селищна громада,UA71020150010017266,Катеринопіль,48.94329,30.9723848,110.3,0
UA71020170000024193,Лип’янська,UA71020000000057292,Звенигородський,UA71000000000010357,Черкаська,сільська,Лип’янська сільська громада,UA71020170010056292,Лип’янка,48.858028,31.501726,97.8,0
UA71020190000034403,Лисянська,UA71020000000057292,Звенигородський,UA71000000000010357,Черкаська,селищна,Лисянська селищна громада,UA71020190010039509,Лисянка,49.2525981,30.8277476,126.6,0
UA71020210000030936,Матусівська,UA71020000000057292,Звенигородський,UA71000000000010357,Черкаська,сільська,Матусівська сільська громада,UA71020210010034197,Матусів,49.0554354,31.5623267,63.7,0
UA71020230000095267,Мокрокалигірська,UA71020000000057292,Звенигородський,UA71000000000010357,Черкаська,сільська,Мокрокалигірська сільська громада,UA71020230010019172,Мокра Калигірка,48.8474776,31.216692,102.9,0
UA71020250000078192,Селищенська,UA71020000000057292,Звенигородський,UA71000000000010357,Черкаська,сільська,Селищенська сільська громада,UA71020250010017952,Селище,49.3280428,31.1502461,108.4,0
UA71020270000021083,Стеблівська,UA71020000000057292,Звенигородський,UA71000000000010357,Черкаська,селищна,Стеблівська селищна громада,UA71020270010062561,Стеблів,49.40002,31.09509,104.1,0
UA71020290000032540,Тальнівська,UA71020000000057292,Звенигородський,UA71000000000010357,Черкаська,міська,Тальнівська міська громада,UA71020290010051536,Тальне,48.8889723,30.6980137,129.4,0
UA71020310000027379,Шевченківська,UA71020000000057292,Звенигородський,UA71000000000010357,Черкаська,сільська,Шевченківська сільська громада,UA71020310010046026,Шевченкове,49.19128,31.09062,108.7,0
UA71020330000027449,Шполянська,UA71020000000057292,Звенигородський,UA71000000000010357,Черкаська,міська,Шполянська міська громада,UA71020330010098440,Шпола,49.0132605,31.393139,66.9,0
UA71040010000032874,Великохутірська,UA71040000000022553,Золотоніський,UA71000000000010357,Черкаська,сільська,Великохутірська сільська громада,UA71040010010045435,Великий Хутір,49.8664051,32.1191771,67.1,0
UA71040030000055285,Вознесенська,UA71040000000022553,Золотоніський,UA71000000000010357,Черкаська,сільська,Вознесенська сільська громада,UA71040030010094831,Вознесенське,49.7583507,32.161154,56.6,0
UA71040050000016509,Гельмязівська,UA71040000000022553,Золотоніський,UA71000000000010357,Черкаська,сільська,Гельмязівська сільська громада,UA71040050010078637,Гельмязів,49.8223009,31.836067,67.4,0
UA71040070000034468,Драбівська,UA71040000000022553,Золотоніський,UA71000000000010357,Черкаська,селищна,Драбівська селищна громада,UA71040070010090868,Драбів,49.9615236,32.1520869,79.8,0
UA71040090000047664,Золотоніська,UA71040000000022553,Золотоніський,UA71000000000010357,Черкаська,міська,Золотоніська міська громада,UA71040090010057400,Золотоноша,49.6689719,32.0427439,43.8,0
UA71040110000054881,Зорівська,UA71040000000022553,Золотоніський,UA71000000000010357,Черкаська,сільська,Зорівська сільська громада,UA71040110010099461,Зорівка,49.8199838,32.2457318,76.6,0
UA71040130000029175,Іркліївська,UA71040000000022553,Золотоніський,UA71000000000010357,Черкаська,сільська,Іркліївська сільська громада,UA71040130010023974,Іркліїв,49.5274997,32.3352479,56.3,0
UA71040150000026547,Новодмитрівська,UA71040000000022553,Золотоніський,UA71000000000010357,Черкаська,сільська,Новодмитрівська сільська громада,UA71040150010099061,Нова Дмитрівка,49.6927254,32.008522,46.2,0
UA71040170000034734,Піщанська,UA71040000000022553,Золотоніський,UA71000000000010357,Черкаська,сільська,Піщанська сільська громада,UA71040170010021118,Піщане,49.7457481,31.842782,57.5,0
UA71040190000080571,Чорнобаївська,UA71040000000022553,Золотоніський,UA71000000000010357,Черкаська,селищна,Чорнобаївська селищна громада,UA71040190010053311,Чорнобай,49.6703225,32.3232732,52.3,0
UA71040210000024694,Шрамківська,UA71040000000022553,Золотоніський,UA71000000000010357,Черкаська,сільська,Шрамківська сільська громада,UA71040210010097965,Шрамківка,50.13714,32.1254,102.1,0
UA71060010000027807,Бабанська,UA71060000000030325,Уманський,UA71000000000010357,Черкаська,селищна,Бабанська селищна громада,UA71060010010077839,Бабанка,48.7070412,30.4507396,171.1,0
UA71060030000053648,Баштечківська,UA71060000000030325,Уманський,UA71000000000010357,Черкаська,сільська,Баштечківська сільська громада,UA71060030010096797,Баштечки,49.2456923,30.3190626,159.3,0
UA71060050000056084,Буцька,UA71060000000030325,Уманський,UA71000000000010357,Черкаська,селищна,Буцька селищна громада,UA71060050010072245,Буки,49.091744,30.4026306,154.3,0
UA71060070000098837,Дмитрушківська,UA71060000000030325,Уманський,UA71000000000010357,Черкаська,сільська,Дмитрушківська сільська громада,UA71060070010032102,Дмитрушки,48.7962462,30.2825171,175.5,0
UA71060090000088339,Жашківська,UA71060000000030325,Уманський,UA71000000000010357,Черкаська,міська,Жашківська міська громада,UA71060090010092249,Жашків,49.2478012,30.1066179,176.7,0
UA71060110000085867,Іваньківська,UA71060000000030325,Уманський,UA71000000000010357,Черкаська,сільська,Іваньківська сільська громада,UA71060110010062999,Іваньки,48.9924674,30.4483919,160.8,0
UA71060130000099511,Ладижинська,UA71060000000030325,Уманський,UA71000000000010357,Черкаська,сільська,Ладижинська сільська громада,UA71060130010040774,Ладижинка,48.5465612,30.2385604,182.7,0
UA71060150000062190,Маньківська,UA71060000000030325,Уманський,UA71000000000010357,Черкаська,селищна,Маньківська селищна громада,UA71060150010031935,Маньківка,48.963662,30.3339811,169.4,0
UA71060170000092613,Монастирищенська,UA71060000000030325,Уманський,UA71000000000010357,Черкаська,міська,Монастирищенська міська громада,UA71060170010084282,Монастирище,48.9944069,29.8007253,226.9,0
UA71060190000086831,Паланська,UA71060000000030325,Уманський,UA71000000000010357,Черкаська,сільська,Паланська сільська громада,UA71060190010063229,Паланка,48.7331789,30.10288,181.5,0
UA71060210000032972,Уманська,UA71060000000030325,Уманський,UA71000000000010357,Черкаська,міська,Уманська міська громада,UA71060210010010251,Умань,48.7497621,30.2203052,173.9,0
UA71060230000095772,Христинівська,UA71060000000030325,Уманський,UA71000000000010357,Черкаська,міська,Христинівська міська громада,UA71060230010046648,Христинівка,48.812969,29.9677872,196.3,0
UA71080010000073303,Балаклеївська,UA71080000000036344,Черкаський,UA71000000000010357,Черкаська,сільська,Балаклеївська сільська громада,UA71080010010092649,Балаклея,49.2261544,31.7366283,38.6,0
UA71080030000050121,Березняківська,UA71080000000036344,Черкаський,UA71000000000010357,Черкаська,сільська,Березняківська сільська громада,UA71080030010066113,Березняки,49.1377452,31.9500464,44.7,0
UA71080050000028174,Білозірська,UA71080000000036344,Черкаський,UA71000000000010357,Черкаська,сільська,Білозірська сільська громада,UA71080050010052971,Білозір’я,49.2975805,31.8935819,20.1,0
UA71080070000050993,Бобрицька,UA71080000000036344,Черкаський,UA71000000000010357,Черкаська,сільська,Бобрицька сільська громада,UA71080070010022760,Бобриця,49.7939978,31.4144455,90.3,0
UA71080090000075810,Будищенська,UA71080000000036344,Черкаський,UA71000000000010357,Черкаська,сільська,Будищенська сільська громада,UA71080090010064003,Будище,49.524426,31.799271,34.3,0
UA71080110000055395,Городищенська,UA71080000000036344,Черкаський,UA71000000000010357,Черкаська,міська,Городищенська міська громада,UA71080110010037357,Городище,49.2686,31.4331682,71.0,0
UA71080130000078619,Кам’янська,UA71080000000036344,Черкаський,UA71000000000010357,Черкаська,міська,Кам’янська міська громада,UA71080130010022318,Кам’янка,49.0401185,32.1008691,54.8,0
UA71080150000071745,Канівська,UA71080000000036344,Черкаський,UA71000000000010357,Черкаська,міська,Канівська міська громада,UA71080150010077910,Канів,49.7551031,31.4610802,90.4,0
UA71080170000080118,Корсунь-Шевченківська,UA71080000000036344,Черкаський,UA71000000000010357,Черкаська,міська,Корсунь-Шевченківська міська громада,UA71080170010098381,Корсунь-Шевченківський,49.418037,31.2556741,88.8,0
UA71080190000038712,Леськівська,UA71080000000036344,Черкаський,UA71000000000010357,Черкаська,сільська,Леськівська сільська громада,UA71080190010052205,Леськи,49.3328057,32.2181675,26.6,0
UA71080210000074132,Ліплявська,UA71080000000036344,Черкаський,UA71000000000010357,Черкаська,сільська,Ліплявська сільська громада,UA71080210010050837,Ліпляве,49.786949,31.547239,92.9,0
UA71080230000065521,Медведівська,UA71080000000036344,Черкаський,UA71000000000010357,Черкаська,сільська,Медведівська сільська громада,UA71080230010020086,Медведівка,49.172241,32.377438,50.0,0
UA71080250000099725,Михайлівська,UA71080000000036344,Черкаський,UA71000000000010357,Черкаська,сільська,Михайлівська сільська громада,UA71080250010059607,Михайлівка,49.1179888,32.0728522,46.5,0
UA71080270000076233,Мліївська,UA71080000000036344,Черкаський,UA71000000000010357,Черкаська,сільська,Мліївська сільська громада,UA71080270010024541,Мліїв,49.3449286,31.5316244,56.3,0
UA71080290000067044,Мошнівська,UA71080000000036344,Черкаський,UA71000000000010357,Черкаська,сільська,Мошнівська сільська громада,UA71080290010022085,Мошни,49.52499,31.74053,40.9,0
UA71080310000072487,Набутівська,UA71080000000036344,Черкаський,UA71000000000010357,Черкаська,сільська,Набутівська сільська громада,UA71080310010044556,Набутів,49.4448157,31.4113483,74.1,0
UA71080330000082129,Ротмістрівська,UA71080000000036344,Черкаський,UA71000000000010357,Черкаська,сільська,Ротмістрівська сільська громада,UA71080330010037662,Ротмістрівка,49.1413051,31.7147139,40.3,0
UA71080350000033809,Руськополянська,UA71080000000036344,Черкаський,UA71000000000010357,Черкаська,сільська,Руськополянська сільська громада,UA71080350010034182,Руська Поляна,49.4243008,31.9147632,17.0,0
UA71080370000064287,Сагунівська,UA71080000000036344,Черкаський,UA71000000000010357,Черкаська,сільська,Сагунівська сільська громада,UA71080370010033351,Сагунівка,49.288422,32.363815,44.3,0
UA71080390000078978,Смілянська,UA71080000000036344,Черкаський,UA71000000000010357,Черкаська,міська,Смілянська міська громада,UA71080390010069946,Сміла,49.2336897,31.8829216,26.5,0
UA71080410000061690,Степанецька,UA71080000000036344,Черкаський,UA71000000000010357,Черкаська,сільська,Степанецька сільська громада,UA71080410010089282,Степанці,49.70841,31.2917358,82.5,0
UA71080430000025181,Степанківська,UA71080000000036344,Черкаський,UA71000000000010357,Черкаська,сільська,Степанківська сільська громада,UA71080430010067592,Степанки,49.336479,31.9730474,25.9,0
UA71080450000083423,Тернівська,UA71080000000036344,Черкаський,UA71000000000010357,Черкаська,сільська,Тернівська сільська громада,UA71080450010010128,Тернівка,49.1309417,31.8421374,42.9,0
UA71080470000038153,Червонослобідська,UA71080000000036344,Черкаський,UA71000000000010357,Черкаська,сільська,Червонослобідська сільська громада,UA71080470010093292,Червона Слобода,49.379837,32.14439,15.8,0
UA71080490000022110,Черкаська,UA71080000000036344,Черкаський,UA71000000000010357,Черкаська,міська,Черкаська міська громада,UA71080490010015879,Черкаси,49.4302723,32.0447228243568,0.0,1
UA71080510000028067,Чигиринська,UA71080000000036344,Черкаський,UA71000000000010357,Черкаська,міська,Чигиринська міська громада,UA71080510010036826,Чигирин,49.0775098,32.6664089,66.1,0
UA73020010000044067,Банилівська,UA73020000000038148,Вижницький,UA73000000000044923,Чернівецька,сільська,Банилівська сільська громада,UA73020010010031879,Банилів,48.35804,25.343399,67.3,0
UA73020030000022011,Берегометська,UA73020000000038148,Вижницький,UA73000000000044923,Чернівецька,селищна,Берегометська селищна громада,UA73020030010046664,Берегомет,48.1720039,25.3304604,53.5,0
UA73020050000061546,Брусницька,UA73020000000038148,Вижницький,UA73000000000044923,Чернівецька,сільська,Брусницька сільська громада,UA73020050010070150,Брусниця,48.35804,25.59712,39.6,0
UA73020070000035367,Вашківецька,UA73020000000038148,Вижницький,UA73000000000044923,Чернівецька,міська,Вашківецька міська громада,UA73020070010063977,Вашківці,48.3820192,25.5174954,48.2,0
UA73020090000031499,Вижницька,UA73020000000038148,Вижницький,UA73000000000044923,Чернівецька,міська,Вижницька міська громада,UA73020090010033414,Вижниця,48.248441,25.1893807,72.2,0
UA73020110000071923,Конятинська,UA73020000000038148,Вижницький,UA73000000000044923,Чернівецька,сільська,Конятинська сільська громада,UA73020110010042344,Конятин,48.042179,24.938971,120.3,0
UA73020130000092871,Путильська,UA73020000000038148,Вижницький,UA73000000000044923,Чернівецька,селищна,Путильська селищна громада,UA73020130010052686,Путила,47.99515,25.08453,114.7,0
UA73020150000076225,Селятинська,UA73020000000038148,Вижницький,UA73000000000044923,Чернівецька,сільська,Селятинська сільська громада,UA73020150010066428,Селятин,47.864681,25.20779,106.0,0
UA73020170000016631,Усть-Путильська,UA73020000000038148,Вижницький,UA73000000000044923,Чернівецька,сільська,Усть-Путильська сільська громада,UA73020170010086116,Усть-Путила,48.113274,25.04236,97.1,0
UA73040010000039325,Вашковецька,UA73040000000031528,Дністровський,UA73000000000044923,Чернівецька,сільська,Вашковецька сільська громада,UA73040010010074562,Вашківці,48.412971,27.135889,118.8,0
UA73040030000042378,Кельменецька,UA73040000000031528,Дністровський,UA73000000000044923,Чернівецька,селищна,Кельменецька селищна громада,UA73040030010052462,Кельменці,48.4655533,26.8299962,85.8,0
UA73040050000080963,Клішковецька,UA73040000000031528,Дністровський,UA73000000000044923,Чернівецька,сільська,Клішковецька сільська громада,UA73040050010040433,Клішківці,48.430443,26.259632,43.7,0
UA73040070000053425,Лівинецька,UA73040000000031528,Дністровський,UA73000000000044923,Чернівецька,сільська,Лівинецька сільська громада,UA73040070010080006,Лівинці,48.408604,26.609051,69.5,0
UA73040090000036527,Мамалигівська,UA73040000000031528,Дністровський,UA73000000000044923,Чернівецька,сільська,Мамалигівська сільська громада,UA73040090010045589,Мамалига,48.259453,26.585018,72.5,0
UA73040110000040354,Недобоївська,UA73040000000031528,Дністровський,UA73000000000044923,Чернівецька,сільська,Недобоївська сільська громада,UA73040110010068047,Недобоївці,48.427788,26.369761,49.5,0
UA73040130000087963,Новодністровська,UA73040000000031528,Дністровський,UA73000000000044923,Чернівецька,міська,Новодністровська міська громада,UA73040130010085979,Новодністровськ,48.58485,27.4311004,139.0,0
UA73040150000056182,Рукшинська,UA73040000000031528,Дністровський,UA73000000000044923,Чернівецька,сільська,Рукшинська сільська громада,UA73040150010039650,Рукшин,48.490925,26.401684,66.0,0
UA73040170000011490,Сокирянська,UA73040000000031528,Дністровський,UA73000000000044923,Чернівецька,міська,Сокирянська міська громада,UA73040170010044151,Сокиряни,48.4460307,27.411193,132.7,0
UA73040190000062796,Хотинська,UA73040000000031528,Дністровський,UA73000000000044923,Чернівецька,міська,Хотинська міська громада,UA73040190010054219,Хотин,48.5068418,26.4859086,63.5,0
UA73060010000052133,Боянська,UA73060000000061247,Чернівецький,UA73000000000044923,Чернівецька,сільська,Боянська сільська громада,UA73060010010023298,Бояни,48.26688,26.126339,18.4,0
UA73060030000078843,Ванчиковецька,UA73060000000061247,Чернівецький,UA73000000000044923,Чернівецька,сільська,Ванчиковецька сільська громада,UA73060030010032046,Ванчиківці,48.220112,26.450109,57.2,0
UA73060050000034325,Великокучурівська,UA73060000000061247,Чернівецький,UA73000000000044923,Чернівецька,сільська,Великокучурівська сільська громада,UA73060050010068893,Великий Кучурів,48.198738,25.894779,12.3,0
UA73060070000082869,Веренчанська,UA73060000000061247,Чернівецький,UA73000000000044923,Чернівецька,сільська,Веренчанська сільська громада,UA73060070010094004,Веренчанка,48.54446,25.7444,45.8,0
UA73060090000047054,Вікнянська,UA73060000000061247,Чернівецький,UA73000000000044923,Чернівецька,сільська,Вікнянська сільська громада,UA73060090010051066,Вікно,48.57021,25.9758,46.3,0
UA73060110000070017,Волоківська,UA73060000000061247,Чернівецький,UA73000000000044923,Чернівецька,сільська,Волоківська сільська громада,UA73060110010020288,Волока,48.192902,25.934601,21.7,0
UA73060130000078771,Герцаївська,UA73060000000061247,Чернівецький,UA73000000000044923,Чернівецька,міська,Герцаївська міська громада,UA73060130010067568,Герца,48.1505805,26.2589723,37.0,0
UA73060150000088691,Глибоцька,UA73060000000061247,Чернівецький,UA73000000000044923,Чернівецька,селищна,Глибоцька селищна громада,UA73060150010043412,Глибока,48.08578,25.92842,27.9,0
UA73060170000031531,Горішньошеровецька,UA73060000000061247,Чернівецький,UA73000000000044923,Чернівецька,сільська,Горішньошеровецька сільська громада,UA73060170010067709,Горішні Шерівці,48.3942336,25.9482797,21.9,0
UA73060190000043347,Заставнівська,UA73060000000061247,Чернівецький,UA73000000000044923,Чернівецька,міська,Заставнівська міська громада,UA73060190010067621,Заставна,48.5235845,25.8455783,34.7,0
UA73060210000010691,Кадубовецька,UA73060000000061247,Чернівецький,UA73000000000044923,Чернівецька,сільська,Кадубовецька сільська громада,UA73060210010047346,Кадубівці,48.587379,25.77564,43.7,0
UA73060230000024500,Кам’янецька,UA73060000000061247,Чернівецький,UA73000000000044923,Чернівецька,сільська,Кам’янецька сільська громада,UA73060230010030556,Кам’янка,48.02879,25.9195,38.5,0
UA73060250000049790,Кам’янська,UA73060000000061247,Чернівецький,UA73000000000044923,Чернівецька,сільська,Кам’янська сільська громада,UA73060250010088981,Кам’яна,48.23204,25.84568,9.7,0
UA73060270000016588,Карапчівська,UA73060000000061247,Чернівецький,UA73000000000044923,Чернівецька,сільська,Карапчівська сільська громада,UA73060270010083336,Йорданешти,48.1101114,25.8112969,31.6,0
UA73060290000034305,Кіцманська,UA73060000000061247,Чернівецький,UA73000000000044923,Чернівецька,міська,Кіцманська міська громада,UA73060290010095467,Кіцмань,48.4386498,25.7610109,31.7,0
UA73060310000074904,Кострижівська,UA73060000000061247,Чернівецький,UA73000000000044923,Чернівецька,селищна,Кострижівська селищна громада,UA73060310010028211,Кострижівка,48.6526572,25.7119191,57.2,0
UA73060330000039245,Красноїльська,UA73060000000061247,Чернівецький,UA73000000000044923,Чернівецька,селищна,Красноїльська селищна громада,UA73060330010012519,Красноїльськ,48.0186954,25.6009089,39.6,0
UA73060350000057190,Магальська,UA73060000000061247,Чернівецький,UA73000000000044923,Чернівецька,сільська,Магальська сільська громада,UA73060350010055735,Магала,48.289864,26.040028,14.3,0
UA73060370000059595,Мамаївська,UA73060000000061247,Чернівецький,UA73000000000044923,Чернівецька,сільська,Мамаївська сільська громада,UA73060370010090405,Мамаївці,48.3527353,25.8222129,20.2,0
UA73060390000017602,Неполоковецька,UA73060000000061247,Чернівецький,UA73000000000044923,Чернівецька,селищна,Неполоковецька селищна громада,UA73060390010012103,Неполоківці,48.40267,25.64758,41.3,0
UA73060410000077092,Новоселицька,UA73060000000061247,Чернівецький,UA73000000000044923,Чернівецька,міська,Новоселицька міська громада,UA73060410010023503,Новоселиця,48.2179594,26.2664831,33.7,0
UA73060430000042676,Острицька,UA73060000000061247,Чернівецький,UA73000000000044923,Чернівецька,сільська,Острицька сільська громада,UA73060430010048116,Остриця,48.2578433,26.0481688,16.9,0
UA73060450000099566,Петровецька,UA73060000000061247,Чернівецький,UA73000000000044923,Чернівецька,сільська,Петровецька сільська громада,UA73060450010084322,Верхні Петрівці,48.0585735,25.6937177,40.0,0
UA73060470000040033,Ставчанська,UA73060000000061247,Чернівецький,UA73000000000044923,Чернівецька,сільська,Ставчанська сільська громада,UA73060470010095713,Ставчани,48.507629,25.682991,47.8,0
UA73060490000033679,Сторожинецька,UA73060000000061247,Чернівецький,UA73000000000044923,Чернівецька,міська,Сторожинецька міська громада,UA73060490010033552,Сторожинець,48.1629489,25.7207993,22.5,0
UA73060510000025800,Сучевенська,UA73060000000061247,Чернівецький,UA73000000000044923,Чернівецька,сільська,Сучевенська сільська громада,UA73060510010083621,Сучевени,48.0561527,25.8365396,41.2,0
UA73060530000099979,Тарашанська,UA73060000000061247,Чернівецький,UA73000000000044923,Чернівецька,сільська,Тарашанська сільська громада,UA73060530010058172,Тарашани,48.116341,25.99674,23.9,0
UA73060550000052402,Тереблеченська,UA73060000000061247,Чернівецький,UA73000000000044923,Чернівецька,сільська,Тереблеченська сільська громада,UA73060550010087926,Тереблече,48.0262838,26.060343,41.7,0
UA73060570000058573,Топорівська,UA73060000000061247,Чернівецький,UA73000000000044923,Чернівецька,сільська,Топорівська сільська громада,UA73060570010080677,Топорівці,48.378967,26.086685,23.7,0
UA73060590000095243,Чагорська,UA73060000000061247,Чернівецький,UA73000000000044923,Чернівецька,сільська,Чагорська сільська громада,UA73060590010055589,Чагор,48.2415157,25.9883128,11.6,0
UA73060610000066784,Чернівецька,UA73060000000061247,Чернівецький,UA73000000000044923,Чернівецька,міська,Чернівецька міська громада,UA73060610010033137,Чернівці,48.2864702,25.9376532,0.0,1
UA73060630000091311,Чудейська,UA73060000000061247,Чернівецький,UA73000000000044923,Чернівецька,сільська,Чудейська сільська громада,UA73060630010078481,Чудей,48.0510337,25.6220564,35.9,0
UA73060650000012771,Юрковецька,UA73060000000061247,Чернівецький,UA73000000000044923,Чернівецька,сільська,Юрковецька сільська громада,UA73060650010058296,Юрківці,48.503437,25.932705,34.2,0
UA74020010000010449,Корюківська,UA74020000000089267,Корюківський,UA74000000000025378,Чернігівська,міська,Корюківська міська громада,UA74020010010096225,Корюківка,51.77444,32.2514,79.1,0
UA74020030000069340,Менська,UA74020000000089267,Корюківський,UA74000000000025378,Чернігівська,міська,Менська міська громада,UA74020030010065172,Мена,51.52279,32.21638,65.1,0
UA74020050000033944,Сновська,UA74020000000089267,Корюківський,UA74000000000025378,Чернігівська,міська,Сновська міська громада,UA74020050010092446,Сновськ,51.8187527,31.9448953,66.5,0
UA74020070000037186,Сосницька,UA74020000000089267,Корюківський,UA74000000000025378,Чернігівська,селищна,Сосницька селищна громада,UA74020070010027190,Сосниця,51.5244906,32.5028975,84.5,0
UA74020090000083820,Холминська,UA74020000000089267,Корюківський,UA74000000000025378,Чернігівська,селищна,Холминська селищна громада,UA74020090010097947,Холми,51.872562,32.595619,107.6,0
UA74040010000076097,Батуринська,UA74040000000028062,Ніжинський,UA74000000000025378,Чернігівська,міська,Батуринська міська громада,UA74040010010021393,Батурин,51.3413087,32.8778317,145.2,0
UA74040030000093042,Бахмацька,UA74040000000028062,Ніжинський,UA74000000000025378,Чернігівська,міська,Бахмацька міська громада,UA74040030010089994,Бахмач,51.1801374,32.8165107,152.1,0
UA74040050000013413,Бобровицька,UA74040000000028062,Ніжинський,UA74000000000025378,Чернігівська,міська,Бобровицька міська громада,UA74040050010084586,Бобровиця,50.7415033,31.3860852,102.2,0
UA74040070000086652,Борзнянська,UA74040000000028062,Ніжинський,UA74000000000025378,Чернігівська,міська,Борзнянська міська громада,UA74040070010013105,Борзна,51.2534475,32.4263156,126.4,0
UA74040090000047246,Вертіївська,UA74040000000028062,Ніжинський,UA74000000000025378,Чернігівська,сільська,Вертіївська сільська громада,UA74040090010096844,Вертіївка,51.16367,31.848339,89.5,0
UA74040110000021989,Височанська,UA74040000000028062,Ніжинський,UA74000000000025378,Чернігівська,сільська,Височанська сільська громада,UA74040110010012603,Високе,51.332241,32.562099,111.4,0
UA74040130000094076,Дмитрівська,UA74040000000028062,Ніжинський,UA74000000000025378,Чернігівська,селищна,Дмитрівська селищна громада,UA74040130010044564,Дмитрівка,50.9343619,32.9457499,185.5,0
UA74040150000010608,Комарівська,UA74040000000028062,Ніжинський,UA74000000000025378,Чернігівська,сільська,Комарівська сільська громада,UA74040150010066593,Комарівка,51.236801,32.149078,103.7,0
UA74040170000037628,Крутівська,UA74040000000028062,Ніжинський,UA74000000000025378,Чернігівська,сільська,Крутівська сільська громада,UA74040170010020642,Крути,51.0601711,32.1022103,117.9,0
UA74040190000070909,Лосинівська,UA74040000000028062,Ніжинський,UA74000000000025378,Чернігівська,селищна,Лосинівська селищна громада,UA74040190010093212,Лосинівка,50.8422398,31.9170092,125.0,0
UA74040210000018988,Макіївська,UA74040000000028062,Ніжинський,UA74000000000025378,Чернігівська,сільська,Макіївська сільська громада,UA74040210010080829,Макіївка,50.676498,31.828421,152.1,0
UA74040230000022565,Мринська,UA74040000000028062,Ніжинський,UA74000000000025378,Чернігівська,сільська,Мринська сільська громада,UA74040230010081588,Мрин,51.0544397,31.5414195,77.3,0
UA74040250000063494,Ніжинська,UA74040000000028062,Ніжинський,UA74000000000025378,Чернігівська,міська,Ніжинська міська громада,UA74040250010023991,Ніжин,51.0464747,31.8806289,98.1,0
UA74040270000069132,Новобасанська,UA74040000000028062,Ніжинський,UA74000000000025378,Чернігівська,сільська,Новобасанська сільська громада,UA74040270010056465,Нова Басань,50.572811,31.5184,126.8,0
UA74040290000072674,Носівська,UA74040000000028062,Ніжинський,UA74000000000025378,Чернігівська,міська,Носівська міська громада,UA74040290010030247,Носівка,50.9377744,31.5812258,94.9,0
UA74040310000039217,Плисківська,UA74040000000028062,Ніжинський,UA74000000000025378,Чернігівська,сільська,Плисківська сільська громада,UA74040310010066149,Плиски,51.113289,32.431103,143.5,0
UA74040330000024949,Талалаївська,UA74040000000028062,Ніжинський,UA74000000000025378,Чернігівська,сільська,Талалаївська сільська громада,UA74040330010026881,Талалаївка,50.955681,31.917252,105.7,0
UA74060010000052907,Коропська,UA74060000000063946,Новгород-Сіверський,UA74000000000025378,Чернігівська,селищна,Коропська селищна громада,UA74060010010093073,Короп,51.5671394,32.9520532,147.1,0
UA74060030000026607,Новгород-Сіверська,UA74060000000063946,Новгород-Сіверський,UA74000000000025378,Чернігівська,міська,Новгород-Сіверська міська громада,UA74060030010060039,Новгород-Сіверський,52.004259,33.2779899,165.0,0
UA74060050000061355,Понорницька,UA74060000000063946,Новгород-Сіверський,UA74000000000025378,Чернігівська,селищна,Понорницька селищна громада,UA74060050010088781,Понорниця,51.720539,32.843971,127.0,0
UA74060070000028810,Семенівська,UA74060000000063946,Новгород-Сіверський,UA74000000000025378,Чернігівська,міська,Семенівська міська громада,UA74060070010010511,Семенівка,52.17853,32.57755,145.9,0
UA74080010000063011,Варвинська,UA74080000000030554,Прилуцький,UA74000000000025378,Чернігівська,селищна,Варвинська селищна громада,UA74080010010035848,Варва,50.4982561,32.7228573,202.9,0
UA74080030000040714,Ічнянська,UA74080000000030554,Прилуцький,UA74000000000025378,Чернігівська,міська,Ічнянська міська громада,UA74080030010061043,Ічня,50.8623444,32.3910144,140.9,0
UA74080050000033938,Ладанська,UA74080000000030554,Прилуцький,UA74000000000025378,Чернігівська,селищна,Ладанська селищна громада,UA74080050010027060,Ладан,50.5135783,32.5877381,188.9,0
UA74080070000022285,Линовицька,UA74080000000030554,Прилуцький,UA74000000000025378,Чернігівська,селищна,Линовицька селищна громада,UA74080070010071933,Линовиця,50.4641,32.396339,184.2,0
UA74080090000092409,Малодівицька,UA74080000000030554,Прилуцький,UA74000000000025378,Чернігівська,селищна,Малодівицька селищна громада,UA74080090010045475,Мала Дівиця,50.6896318,32.18703,147.2,0
UA74080110000023749,Парафіївська,UA74080000000030554,Прилуцький,UA74000000000025378,Чернігівська,селищна,Парафіївська селищна громада,UA74080110010079684,Парафіївка,50.8840075,32.6447189,160.4,0
UA74080130000060606,Прилуцька,UA74080000000030554,Прилуцький,UA74000000000025378,Чернігівська,міська,Прилуцька міська громада,UA74080130010045104,Прилуки,50.5950864,32.3866658,165.9,0
UA74080150000033167,Срібнянська,UA74080000000030554,Прилуцький,UA74000000000025378,Чернігівська,селищна,Срібнянська селищна громада,UA74080150010087049,Срібне,50.661573,32.9174152,204.8,0
UA74080170000055617,Сухополов’янська,UA74080000000030554,Прилуцький,UA74000000000025378,Чернігівська,сільська,Сухополов’янська сільська громада,UA74080170010023549,Сухополова,50.6323917,32.3798861,170.8,0
UA74080190000091939,Талалаївська,UA74080000000030554,Прилуцький,UA74000000000025378,Чернігівська,селищна,Талалаївська селищна громада,UA74080190010058035,Талалаївка,50.83168,33.13442,212.0,0
UA74080210000098421,Яблунівська,UA74080000000030554,Прилуцький,UA74000000000025378,Чернігівська,сільська,Яблунівська сільська громада,UA74080210010068290,Яблунівка,50.4592487,32.1844644,197.7,0
UA74100010000063674,Березнянська,UA74100000000047140,Чернігівський,UA74000000000025378,Чернігівська,селищна,Березнянська селищна громада,UA74100010010030388,Березна,51.5778917,31.7902811,35.4,0
UA74100030000076377,Гончарівська,UA74100000000047140,Чернігівський,UA74000000000025378,Чернігівська,селищна,Гончарівська селищна громада,UA74100030010092910,Гончарівське,51.2990164,30.9276044,39.4,0
UA74100050000019554,Городнянська,UA74100000000047140,Чернігівський,UA74000000000025378,Чернігівська,міська,Городнянська міська громада,UA74100050010035827,Городня,51.8915393,31.595545,56.2,0
UA74100070000057810,Деснянська,UA74100000000047140,Чернігівський,UA74000000000025378,Чернігівська,селищна,Деснянська селищна громада,UA74100070010092411,Десна,50.9247792,30.7729799,76.4,0
UA74100090000064336,Добрянська,UA74100000000047140,Чернігівський,UA74000000000025378,Чернігівська,селищна,Добрянська селищна громада,UA74100090010095098,Добрянка,52.063057,31.173548,69.7,0
UA74100110000030364,Іванівська,UA74100000000047140,Чернігівський,UA74000000000025378,Чернігівська,сільська,Іванівська сільська громада,UA74100110010097725,Іванівка,51.37962,31.291809,17.2,0
UA74100130000039404,Киїнська,UA74100000000047140,Чернігівський,UA74000000000025378,Чернігівська,сільська,Киїнська сільська громада,UA74100130010068937,Киїнка,51.449249,31.192627,10.5,0
UA74100150000090847,Киселівська,UA74100000000047140,Чернігівський,UA74000000000025378,Чернігівська,сільська,Киселівська сільська громада,UA74100150010014989,Киселівка,51.5342692,31.446194,17.0,0
UA74100170000043593,Кіптівська,UA74100000000047140,Чернігівський,UA74000000000025378,Чернігівська,сільська,Кіптівська сільська громада,UA74100170010024893,Кіпті,51.0573662,31.1531227,49.8,0
UA74100190000086457,Козелецька,UA74100000000047140,Чернігівський,UA74000000000025378,Чернігівська,селищна,Козелецька селищна громада,UA74100190010032782,Козелець,50.9160647,31.1167509,63.7,0
UA74100210000053397,Куликівська,UA74100000000047140,Чернігівський,UA74000000000025378,Чернігівська,селищна,Куликівська селищна громада,UA74100210010020106,Куликівка,51.3735623,31.6455818,43.2,0
UA74100230000068041,Любецька,UA74100000000047140,Чернігівський,UA74000000000025378,Чернігівська,селищна,Любецька селищна громада,UA74100230010012762,Любеч,51.7004629,30.658659,58.4,0
UA74100250000038291,Михайло-Коцюбинська,UA74100000000047140,Чернігівський,UA74000000000025378,Чернігівська,селищна,Михайло-Коцюбинська селищна громада,UA74100250010077513,Михайло-Коцюбинське,51.4502116,31.0792876,16.4,0
UA74100270000049748,Новобілоуська,UA74100000000047140,Чернігівський,UA74000000000025378,Чернігівська,сільська,Новобілоуська сільська громада,UA74100270010051718,Новий Білоус,51.5353325,31.186015,12.8,0
UA74100290000084770,Олишівська,UA74100000000047140,Чернігівський,UA74000000000025378,Чернігівська,селищна,Олишівська селищна громада,UA74100290010097907,Олишівка,51.217918,31.32992,40.8,0
UA74100310000091595,Остерська,UA74100000000047140,Чернігівський,UA74000000000025378,Чернігівська,міська,Остерська міська громада,UA74100310010010586,Остер,50.9508278,30.8782419,76.6,0
UA74100330000029082,Ріпкинська,UA74100000000047140,Чернігівський,UA74000000000025378,Чернігівська,селищна,Ріпкинська селищна громада,UA74100330010089064,Ріпки,51.8036433,31.0931453,31.6,0
UA74100350000075160,Седнівська,UA74100000000047140,Чернігівський,UA74000000000025378,Чернігівська,селищна,Седнівська селищна громада,UA74100350010014445,Седнів,51.64209,31.562403,27.0,0
UA74100370000041962,Тупичівська,UA74100000000047140,Чернігівський,UA74000000000025378,Чернігівська,сільська,Тупичівська сільська громада,UA74100370010042808,Тупичів,51.768608,31.43601,49.3,0
UA74100390000073425,Чернігівська,UA74100000000047140,Чернігівський,UA74000000000025378,Чернігівська,міська,Чернігівська міська громада,UA74100390010054825,Чернігів,51.494099,31.294332,0.0,1
